-- phpMyAdmin SQL Dump
-- version 3.5.7
-- http://www.phpmyadmin.net
--
-- Host: localhost
-- Erstellungszeit: 01. Nov 2013 um 16:50
-- Server Version: 5.5.27
-- PHP-Version: 5.3.26

SET SQL_MODE="NO_AUTO_VALUE_ON_ZERO";
SET time_zone = "+00:00";


/*!40101 SET @OLD_CHARACTER_SET_CLIENT=@@CHARACTER_SET_CLIENT */;
/*!40101 SET @OLD_CHARACTER_SET_RESULTS=@@CHARACTER_SET_RESULTS */;
/*!40101 SET @OLD_COLLATION_CONNECTION=@@COLLATION_CONNECTION */;
/*!40101 SET NAMES utf8 */;

--
-- Datenbank: `klausguenther_IL_CMS`
--

-- --------------------------------------------------------

--
-- Tabellenstruktur für Tabelle `lehr_assets`
--

CREATE TABLE IF NOT EXISTS `lehr_assets` (
  `id` int(10) unsigned NOT NULL AUTO_INCREMENT COMMENT 'Primary Key',
  `parent_id` int(11) NOT NULL DEFAULT '0' COMMENT 'Nested set parent.',
  `lft` int(11) NOT NULL DEFAULT '0' COMMENT 'Nested set lft.',
  `rgt` int(11) NOT NULL DEFAULT '0' COMMENT 'Nested set rgt.',
  `level` int(10) unsigned NOT NULL COMMENT 'The cached level in the nested tree.',
  `name` varchar(50) NOT NULL COMMENT 'The unique name for the asset.\n',
  `title` varchar(100) NOT NULL COMMENT 'The descriptive title for the asset.',
  `rules` varchar(5120) NOT NULL COMMENT 'JSON encoded access control.',
  PRIMARY KEY (`id`),
  UNIQUE KEY `idx_asset_name` (`name`),
  KEY `idx_lft_rgt` (`lft`,`rgt`),
  KEY `idx_parent_id` (`parent_id`)
) ENGINE=InnoDB  DEFAULT CHARSET=utf8 AUTO_INCREMENT=49 ;

--
-- Daten für Tabelle `lehr_assets`
--

INSERT INTO `lehr_assets` (`id`, `parent_id`, `lft`, `rgt`, `level`, `name`, `title`, `rules`) VALUES
(1, 0, 1, 448, 0, 'root.1', 'Root Asset', '{"core.login.site":{"6":1,"2":1},"core.login.admin":{"6":1},"core.login.offline":{"6":1},"core.admin":{"8":1},"core.manage":{"7":1},"core.create":{"6":1,"3":1},"core.delete":{"6":1},"core.edit":{"6":1,"4":1},"core.edit.state":{"6":1,"5":1},"core.edit.own":{"6":1,"3":1}}'),
(2, 1, 1, 2, 1, 'com_admin', 'com_admin', '{}'),
(3, 1, 3, 6, 1, 'com_banners', 'com_banners', '{"core.admin":{"7":1},"core.manage":{"6":1},"core.create":[],"core.delete":[],"core.edit":[],"core.edit.state":[]}'),
(4, 1, 7, 8, 1, 'com_cache', 'com_cache', '{"core.admin":{"7":1},"core.manage":{"7":1}}'),
(5, 1, 9, 10, 1, 'com_checkin', 'com_checkin', '{"core.admin":{"7":1},"core.manage":{"7":1}}'),
(6, 1, 11, 12, 1, 'com_config', 'com_config', '{}'),
(7, 1, 13, 16, 1, 'com_contact', 'com_contact', '{"core.admin":{"7":1},"core.manage":{"6":1},"core.create":[],"core.delete":[],"core.edit":[],"core.edit.state":[],"core.edit.own":[]}'),
(8, 1, 17, 52, 1, 'com_content', 'com_content', '{"core.admin":{"7":1},"core.manage":{"6":1},"core.create":{"3":1},"core.delete":[],"core.edit":{"4":1},"core.edit.state":{"5":1},"core.edit.own":[]}'),
(9, 1, 53, 54, 1, 'com_cpanel', 'com_cpanel', '{}'),
(10, 1, 55, 56, 1, 'com_installer', 'com_installer', '{"core.admin":{"7":1},"core.manage":{"7":1},"core.delete":[],"core.edit.state":[]}'),
(11, 1, 57, 58, 1, 'com_languages', 'com_languages', '{"core.admin":{"7":1},"core.manage":[],"core.create":[],"core.delete":[],"core.edit":[],"core.edit.state":[]}'),
(12, 1, 59, 60, 1, 'com_login', 'com_login', '{}'),
(13, 1, 61, 62, 1, 'com_mailto', 'com_mailto', '{}'),
(14, 1, 63, 64, 1, 'com_massmail', 'com_massmail', '{}'),
(15, 1, 65, 66, 1, 'com_media', 'com_media', '{"core.admin":{"7":1},"core.manage":{"6":1},"core.create":{"3":1},"core.delete":{"5":1}}'),
(16, 1, 67, 68, 1, 'com_menus', 'com_menus', '{"core.admin":{"7":1},"core.manage":[],"core.create":[],"core.delete":[],"core.edit":[],"core.edit.state":[]}'),
(17, 1, 69, 70, 1, 'com_messages', 'com_messages', '{"core.admin":{"7":1},"core.manage":{"7":1}}'),
(18, 1, 71, 72, 1, 'com_modules', 'com_modules', '{"core.admin":{"7":1},"core.manage":[],"core.create":[],"core.delete":[],"core.edit":[],"core.edit.state":[]}'),
(19, 1, 73, 76, 1, 'com_newsfeeds', 'com_newsfeeds', '{"core.admin":{"7":1},"core.manage":{"6":1},"core.create":[],"core.delete":[],"core.edit":[],"core.edit.state":[],"core.edit.own":[]}'),
(20, 1, 77, 78, 1, 'com_plugins', 'com_plugins', '{"core.admin":{"7":1},"core.manage":[],"core.edit":[],"core.edit.state":[]}'),
(21, 1, 79, 80, 1, 'com_redirect', 'com_redirect', '{"core.admin":{"7":1},"core.manage":[]}'),
(22, 1, 81, 82, 1, 'com_search', 'com_search', '{"core.admin":{"7":1},"core.manage":{"6":1}}'),
(23, 1, 83, 84, 1, 'com_templates', 'com_templates', '{"core.admin":{"7":1},"core.manage":[],"core.create":[],"core.delete":[],"core.edit":[],"core.edit.state":[]}'),
(24, 1, 85, 86, 1, 'com_users', 'com_users', '{"core.admin":{"7":1},"core.manage":[],"core.create":[],"core.delete":[],"core.edit":[],"core.edit.state":[]}'),
(25, 1, 87, 90, 1, 'com_weblinks', 'com_weblinks', '{"core.admin":{"7":1},"core.manage":{"6":1},"core.create":{"3":1},"core.delete":[],"core.edit":{"4":1},"core.edit.state":{"5":1},"core.edit.own":[]}'),
(26, 1, 91, 92, 1, 'com_wrapper', 'com_wrapper', '{}'),
(27, 8, 18, 19, 2, 'com_content.category.2', 'Uncategorised', '{"core.create":[],"core.delete":[],"core.edit":[],"core.edit.state":[],"core.edit.own":[]}'),
(28, 3, 4, 5, 2, 'com_banners.category.3', 'Uncategorised', '{"core.create":[],"core.delete":[],"core.edit":[],"core.edit.state":[]}'),
(29, 7, 14, 15, 2, 'com_contact.category.4', 'Uncategorised', '{"core.create":[],"core.delete":[],"core.edit":[],"core.edit.state":[],"core.edit.own":[]}'),
(30, 19, 74, 75, 2, 'com_newsfeeds.category.5', 'Uncategorised', '{"core.create":[],"core.delete":[],"core.edit":[],"core.edit.state":[],"core.edit.own":[]}'),
(31, 25, 88, 89, 2, 'com_weblinks.category.6', 'Uncategorised', '{"core.create":[],"core.delete":[],"core.edit":[],"core.edit.state":[],"core.edit.own":[]}'),
(32, 8, 20, 25, 2, 'com_content.category.7', 'IL CASTAGNETO', '{"core.create":[],"core.delete":[],"core.edit":[],"core.edit.state":[],"core.edit.own":[]}'),
(33, 32, 21, 22, 3, 'com_content.article.1', 'IL CASTAGNETO', '{"core.delete":[],"core.edit":[],"core.edit.state":[]}'),
(34, 32, 23, 24, 3, 'com_content.article.2', 'IL CASTAGNETO (BILD)', '{"core.delete":[],"core.edit":[],"core.edit.state":[]}'),
(35, 8, 26, 31, 2, 'com_content.category.8', 'VAL PELLICE', '{"core.create":[],"core.delete":[],"core.edit":[],"core.edit.state":[],"core.edit.own":[]}'),
(36, 35, 27, 28, 3, 'com_content.article.3', 'VAL PELLICE', '{"core.delete":[],"core.edit":[],"core.edit.state":[]}'),
(37, 35, 29, 30, 3, 'com_content.article.4', 'VAL PELLICE (BILD)', '{"core.delete":[],"core.edit":[],"core.edit.state":[]}'),
(38, 8, 32, 39, 2, 'com_content.category.9', 'DIE WALDENSER TÄLER', '{"core.create":[],"core.delete":[],"core.edit":[],"core.edit.state":[],"core.edit.own":[]}'),
(39, 8, 40, 45, 2, 'com_content.category.10', 'ANGEBOTE', '{"core.create":[],"core.delete":[],"core.edit":[],"core.edit.state":[],"core.edit.own":[]}'),
(40, 8, 46, 51, 2, 'com_content.category.11', 'KONTAKT / ANREISE', '{"core.create":[],"core.delete":[],"core.edit":[],"core.edit.state":[],"core.edit.own":[]}'),
(41, 38, 33, 34, 3, 'com_content.article.5', 'DIE WALDENSER TÄLER (Bild)', '{"core.delete":[],"core.edit":[],"core.edit.state":[]}'),
(42, 38, 35, 36, 3, 'com_content.article.6', 'DIE WALDENSER TÄLER', '{"core.delete":[],"core.edit":[],"core.edit.state":[]}'),
(43, 38, 37, 38, 3, 'com_content.article.7', 'DIE WALDENSER TÄLER (Bild)', '{"core.delete":[],"core.edit":[],"core.edit.state":[]}'),
(44, 39, 41, 42, 3, 'com_content.article.8', 'ANGEBOTE', '{"core.delete":[],"core.edit":[],"core.edit.state":[]}'),
(45, 39, 43, 44, 3, 'com_content.article.9', 'ANGEBOTE (Bild)', '{"core.delete":[],"core.edit":[],"core.edit.state":[]}'),
(46, 40, 47, 48, 3, 'com_content.article.10', 'KONTAKT / ANREISE', '{"core.delete":[],"core.edit":[],"core.edit.state":[]}'),
(47, 40, 49, 50, 3, 'com_content.article.11', 'KONTAKT / ANREISE (Bild)', '{"core.delete":[],"core.edit":[],"core.edit.state":[]}'),
(48, 1, 446, 447, 1, 'com_joomlaupdate', 'com_joomlaupdate', '{"core.admin":[],"core.manage":[],"core.delete":[],"core.edit.state":[]}');

-- --------------------------------------------------------

--
-- Tabellenstruktur für Tabelle `lehr_associations`
--

CREATE TABLE IF NOT EXISTS `lehr_associations` (
  `id` int(11) NOT NULL COMMENT 'A reference to the associated item.',
  `context` varchar(50) NOT NULL COMMENT 'The context of the associated item.',
  `key` char(32) NOT NULL COMMENT 'The key for the association computed from an md5 on associated ids.',
  PRIMARY KEY (`context`,`id`),
  KEY `idx_key` (`key`)
) ENGINE=InnoDB DEFAULT CHARSET=utf8;

-- --------------------------------------------------------

--
-- Tabellenstruktur für Tabelle `lehr_banners`
--

CREATE TABLE IF NOT EXISTS `lehr_banners` (
  `id` int(11) NOT NULL AUTO_INCREMENT,
  `cid` int(11) NOT NULL DEFAULT '0',
  `type` int(11) NOT NULL DEFAULT '0',
  `name` varchar(255) NOT NULL DEFAULT '',
  `alias` varchar(255) CHARACTER SET utf8 COLLATE utf8_bin NOT NULL DEFAULT '',
  `imptotal` int(11) NOT NULL DEFAULT '0',
  `impmade` int(11) NOT NULL DEFAULT '0',
  `clicks` int(11) NOT NULL DEFAULT '0',
  `clickurl` varchar(200) NOT NULL DEFAULT '',
  `state` tinyint(3) NOT NULL DEFAULT '0',
  `catid` int(10) unsigned NOT NULL DEFAULT '0',
  `description` text NOT NULL,
  `custombannercode` varchar(2048) NOT NULL,
  `sticky` tinyint(1) unsigned NOT NULL DEFAULT '0',
  `ordering` int(11) NOT NULL DEFAULT '0',
  `metakey` text NOT NULL,
  `params` text NOT NULL,
  `own_prefix` tinyint(1) NOT NULL DEFAULT '0',
  `metakey_prefix` varchar(255) NOT NULL DEFAULT '',
  `purchase_type` tinyint(4) NOT NULL DEFAULT '-1',
  `track_clicks` tinyint(4) NOT NULL DEFAULT '-1',
  `track_impressions` tinyint(4) NOT NULL DEFAULT '-1',
  `checked_out` int(10) unsigned NOT NULL DEFAULT '0',
  `checked_out_time` datetime NOT NULL DEFAULT '0000-00-00 00:00:00',
  `publish_up` datetime NOT NULL DEFAULT '0000-00-00 00:00:00',
  `publish_down` datetime NOT NULL DEFAULT '0000-00-00 00:00:00',
  `reset` datetime NOT NULL DEFAULT '0000-00-00 00:00:00',
  `created` datetime NOT NULL DEFAULT '0000-00-00 00:00:00',
  `language` char(7) NOT NULL DEFAULT '',
  `created_by` int(10) unsigned NOT NULL DEFAULT '0',
  `created_by_alias` varchar(255) NOT NULL DEFAULT '',
  `modified` datetime NOT NULL DEFAULT '0000-00-00 00:00:00',
  `modified_by` int(10) unsigned NOT NULL DEFAULT '0',
  `version` int(10) unsigned NOT NULL DEFAULT '1',
  PRIMARY KEY (`id`),
  KEY `idx_state` (`state`),
  KEY `idx_own_prefix` (`own_prefix`),
  KEY `idx_metakey_prefix` (`metakey_prefix`),
  KEY `idx_banner_catid` (`catid`),
  KEY `idx_language` (`language`)
) ENGINE=InnoDB DEFAULT CHARSET=utf8 AUTO_INCREMENT=1 ;

-- --------------------------------------------------------

--
-- Tabellenstruktur für Tabelle `lehr_banner_clients`
--

CREATE TABLE IF NOT EXISTS `lehr_banner_clients` (
  `id` int(11) NOT NULL AUTO_INCREMENT,
  `name` varchar(255) NOT NULL DEFAULT '',
  `contact` varchar(255) NOT NULL DEFAULT '',
  `email` varchar(255) NOT NULL DEFAULT '',
  `extrainfo` text NOT NULL,
  `state` tinyint(3) NOT NULL DEFAULT '0',
  `checked_out` int(10) unsigned NOT NULL DEFAULT '0',
  `checked_out_time` datetime NOT NULL DEFAULT '0000-00-00 00:00:00',
  `metakey` text NOT NULL,
  `own_prefix` tinyint(4) NOT NULL DEFAULT '0',
  `metakey_prefix` varchar(255) NOT NULL DEFAULT '',
  `purchase_type` tinyint(4) NOT NULL DEFAULT '-1',
  `track_clicks` tinyint(4) NOT NULL DEFAULT '-1',
  `track_impressions` tinyint(4) NOT NULL DEFAULT '-1',
  PRIMARY KEY (`id`),
  KEY `idx_own_prefix` (`own_prefix`),
  KEY `idx_metakey_prefix` (`metakey_prefix`)
) ENGINE=InnoDB DEFAULT CHARSET=utf8 AUTO_INCREMENT=1 ;

-- --------------------------------------------------------

--
-- Tabellenstruktur für Tabelle `lehr_banner_tracks`
--

CREATE TABLE IF NOT EXISTS `lehr_banner_tracks` (
  `track_date` datetime NOT NULL,
  `track_type` int(10) unsigned NOT NULL,
  `banner_id` int(10) unsigned NOT NULL,
  `count` int(10) unsigned NOT NULL DEFAULT '0',
  PRIMARY KEY (`track_date`,`track_type`,`banner_id`),
  KEY `idx_track_date` (`track_date`),
  KEY `idx_track_type` (`track_type`),
  KEY `idx_banner_id` (`banner_id`)
) ENGINE=InnoDB DEFAULT CHARSET=utf8;

-- --------------------------------------------------------

--
-- Tabellenstruktur für Tabelle `lehr_categories`
--

CREATE TABLE IF NOT EXISTS `lehr_categories` (
  `id` int(11) NOT NULL AUTO_INCREMENT,
  `asset_id` int(10) unsigned NOT NULL DEFAULT '0' COMMENT 'FK to the #__assets table.',
  `parent_id` int(10) unsigned NOT NULL DEFAULT '0',
  `lft` int(11) NOT NULL DEFAULT '0',
  `rgt` int(11) NOT NULL DEFAULT '0',
  `level` int(10) unsigned NOT NULL DEFAULT '0',
  `path` varchar(255) NOT NULL DEFAULT '',
  `extension` varchar(50) NOT NULL DEFAULT '',
  `title` varchar(255) NOT NULL,
  `alias` varchar(255) CHARACTER SET utf8 COLLATE utf8_bin NOT NULL DEFAULT '',
  `note` varchar(255) NOT NULL DEFAULT '',
  `description` mediumtext NOT NULL,
  `published` tinyint(1) NOT NULL DEFAULT '0',
  `checked_out` int(11) unsigned NOT NULL DEFAULT '0',
  `checked_out_time` datetime NOT NULL DEFAULT '0000-00-00 00:00:00',
  `access` int(10) unsigned NOT NULL DEFAULT '0',
  `params` text NOT NULL,
  `metadesc` varchar(1024) NOT NULL COMMENT 'The meta description for the page.',
  `metakey` varchar(1024) NOT NULL COMMENT 'The meta keywords for the page.',
  `metadata` varchar(2048) NOT NULL COMMENT 'JSON encoded metadata properties.',
  `created_user_id` int(10) unsigned NOT NULL DEFAULT '0',
  `created_time` datetime NOT NULL DEFAULT '0000-00-00 00:00:00',
  `modified_user_id` int(10) unsigned NOT NULL DEFAULT '0',
  `modified_time` datetime NOT NULL DEFAULT '0000-00-00 00:00:00',
  `hits` int(10) unsigned NOT NULL DEFAULT '0',
  `language` char(7) NOT NULL,
  `version` int(10) unsigned NOT NULL DEFAULT '1',
  PRIMARY KEY (`id`),
  KEY `cat_idx` (`extension`,`published`,`access`),
  KEY `idx_access` (`access`),
  KEY `idx_checkout` (`checked_out`),
  KEY `idx_path` (`path`),
  KEY `idx_left_right` (`lft`,`rgt`),
  KEY `idx_alias` (`alias`),
  KEY `idx_language` (`language`)
) ENGINE=InnoDB  DEFAULT CHARSET=utf8 AUTO_INCREMENT=12 ;

--
-- Daten für Tabelle `lehr_categories`
--

INSERT INTO `lehr_categories` (`id`, `asset_id`, `parent_id`, `lft`, `rgt`, `level`, `path`, `extension`, `title`, `alias`, `note`, `description`, `published`, `checked_out`, `checked_out_time`, `access`, `params`, `metadesc`, `metakey`, `metadata`, `created_user_id`, `created_time`, `modified_user_id`, `modified_time`, `hits`, `language`, `version`) VALUES
(1, 0, 0, 0, 21, 0, '', 'system', 'ROOT', 'root', '', '', 1, 0, '0000-00-00 00:00:00', 1, '{}', '', '', '', 0, '2009-10-18 16:07:09', 0, '0000-00-00 00:00:00', 0, '*', 1),
(2, 27, 1, 1, 2, 1, 'uncategorised', 'com_content', 'Uncategorised', 'uncategorised', '', '', 1, 0, '0000-00-00 00:00:00', 1, '{"target":"","image":""}', '', '', '{"page_title":"","author":"","robots":""}', 42, '2010-06-28 13:26:37', 0, '0000-00-00 00:00:00', 0, '*', 1),
(3, 28, 1, 3, 4, 1, 'uncategorised', 'com_banners', 'Uncategorised', 'uncategorised', '', '', 1, 0, '0000-00-00 00:00:00', 1, '{"target":"","image":"","foobar":""}', '', '', '{"page_title":"","author":"","robots":""}', 42, '2010-06-28 13:27:35', 0, '0000-00-00 00:00:00', 0, '*', 1),
(4, 29, 1, 5, 6, 1, 'uncategorised', 'com_contact', 'Uncategorised', 'uncategorised', '', '', 1, 0, '0000-00-00 00:00:00', 1, '{"target":"","image":""}', '', '', '{"page_title":"","author":"","robots":""}', 42, '2010-06-28 13:27:57', 0, '0000-00-00 00:00:00', 0, '*', 1),
(5, 30, 1, 7, 8, 1, 'uncategorised', 'com_newsfeeds', 'Uncategorised', 'uncategorised', '', '', 1, 0, '0000-00-00 00:00:00', 1, '{"target":"","image":""}', '', '', '{"page_title":"","author":"","robots":""}', 42, '2010-06-28 13:28:15', 0, '0000-00-00 00:00:00', 0, '*', 1),
(6, 31, 1, 9, 10, 1, 'uncategorised', 'com_weblinks', 'Uncategorised', 'uncategorised', '', '', 1, 0, '0000-00-00 00:00:00', 1, '{"target":"","image":""}', '', '', '{"page_title":"","author":"","robots":""}', 42, '2010-06-28 13:28:33', 0, '0000-00-00 00:00:00', 0, '*', 1),
(7, 32, 1, 11, 12, 1, 'il-castagneto', 'com_content', 'IL CASTAGNETO', 'il-castagneto', '', '', 1, 0, '0000-00-00 00:00:00', 1, '{"category_layout":"","image":""}', '', '', '{"author":"","robots":""}', 42, '2012-01-16 11:30:10', 0, '0000-00-00 00:00:00', 6, '*', 1),
(8, 35, 1, 13, 14, 1, 'val-pellice', 'com_content', 'VAL PELLICE', 'val-pellice', '', '', 1, 0, '0000-00-00 00:00:00', 1, '{"category_layout":"","image":""}', '', '', '{"author":"","robots":""}', 42, '2012-01-16 13:32:30', 42, '2012-01-16 13:39:58', 17, '*', 1),
(9, 38, 1, 15, 16, 1, 'die-waldenser-taeler', 'com_content', 'DIE WALDENSER TÄLER', 'die-waldenser-taeler', '', '', 1, 0, '0000-00-00 00:00:00', 1, '{"category_layout":"","image":""}', '', '', '{"author":"","robots":""}', 42, '2012-01-16 16:16:12', 0, '0000-00-00 00:00:00', 6, '*', 1),
(10, 39, 1, 17, 18, 1, 'angebote', 'com_content', 'ANGEBOTE', 'angebote', '', '', 1, 0, '0000-00-00 00:00:00', 1, '{"category_layout":"","image":""}', '', '', '{"author":"","robots":""}', 42, '2012-01-16 16:16:38', 0, '0000-00-00 00:00:00', 4, '*', 1),
(11, 40, 1, 19, 20, 1, 'kontakt--anreise', 'com_content', 'KONTAKT / ANREISE', 'kontakt--anreise', '', '', 1, 0, '0000-00-00 00:00:00', 1, '{"category_layout":"","image":""}', '', '', '{"author":"","robots":""}', 42, '2012-01-16 16:16:52', 0, '0000-00-00 00:00:00', 11, '*', 1);

-- --------------------------------------------------------

--
-- Tabellenstruktur für Tabelle `lehr_contact_details`
--

CREATE TABLE IF NOT EXISTS `lehr_contact_details` (
  `id` int(11) NOT NULL AUTO_INCREMENT,
  `name` varchar(255) NOT NULL DEFAULT '',
  `alias` varchar(255) CHARACTER SET utf8 COLLATE utf8_bin NOT NULL DEFAULT '',
  `con_position` varchar(255) DEFAULT NULL,
  `address` text,
  `suburb` varchar(100) DEFAULT NULL,
  `state` varchar(100) DEFAULT NULL,
  `country` varchar(100) DEFAULT NULL,
  `postcode` varchar(100) DEFAULT NULL,
  `telephone` varchar(255) DEFAULT NULL,
  `fax` varchar(255) DEFAULT NULL,
  `misc` mediumtext,
  `image` varchar(255) DEFAULT NULL,
  `email_to` varchar(255) DEFAULT NULL,
  `default_con` tinyint(1) unsigned NOT NULL DEFAULT '0',
  `published` tinyint(1) NOT NULL DEFAULT '0',
  `checked_out` int(10) unsigned NOT NULL DEFAULT '0',
  `checked_out_time` datetime NOT NULL DEFAULT '0000-00-00 00:00:00',
  `ordering` int(11) NOT NULL DEFAULT '0',
  `params` text NOT NULL,
  `user_id` int(11) NOT NULL DEFAULT '0',
  `catid` int(11) NOT NULL DEFAULT '0',
  `access` int(10) unsigned NOT NULL DEFAULT '0',
  `mobile` varchar(255) NOT NULL DEFAULT '',
  `webpage` varchar(255) NOT NULL DEFAULT '',
  `sortname1` varchar(255) NOT NULL,
  `sortname2` varchar(255) NOT NULL,
  `sortname3` varchar(255) NOT NULL,
  `language` char(7) NOT NULL,
  `created` datetime NOT NULL DEFAULT '0000-00-00 00:00:00',
  `created_by` int(10) unsigned NOT NULL DEFAULT '0',
  `created_by_alias` varchar(255) NOT NULL DEFAULT '',
  `modified` datetime NOT NULL DEFAULT '0000-00-00 00:00:00',
  `modified_by` int(10) unsigned NOT NULL DEFAULT '0',
  `metakey` text NOT NULL,
  `metadesc` text NOT NULL,
  `metadata` text NOT NULL,
  `featured` tinyint(3) unsigned NOT NULL DEFAULT '0' COMMENT 'Set if article is featured.',
  `xreference` varchar(50) NOT NULL COMMENT 'A reference to enable linkages to external data sets.',
  `publish_up` datetime NOT NULL DEFAULT '0000-00-00 00:00:00',
  `publish_down` datetime NOT NULL DEFAULT '0000-00-00 00:00:00',
  `version` int(10) unsigned NOT NULL DEFAULT '1',
  `hits` int(10) unsigned NOT NULL DEFAULT '0',
  PRIMARY KEY (`id`),
  KEY `idx_access` (`access`),
  KEY `idx_checkout` (`checked_out`),
  KEY `idx_state` (`published`),
  KEY `idx_catid` (`catid`),
  KEY `idx_createdby` (`created_by`),
  KEY `idx_featured_catid` (`featured`,`catid`),
  KEY `idx_language` (`language`),
  KEY `idx_xreference` (`xreference`)
) ENGINE=InnoDB DEFAULT CHARSET=utf8 AUTO_INCREMENT=1 ;

-- --------------------------------------------------------

--
-- Tabellenstruktur für Tabelle `lehr_content`
--

CREATE TABLE IF NOT EXISTS `lehr_content` (
  `id` int(10) unsigned NOT NULL AUTO_INCREMENT,
  `asset_id` int(10) unsigned NOT NULL DEFAULT '0' COMMENT 'FK to the #__assets table.',
  `title` varchar(255) NOT NULL DEFAULT '',
  `alias` varchar(255) CHARACTER SET utf8 COLLATE utf8_bin NOT NULL DEFAULT '',
  `introtext` mediumtext NOT NULL,
  `fulltext` mediumtext NOT NULL,
  `state` tinyint(3) NOT NULL DEFAULT '0',
  `catid` int(10) unsigned NOT NULL DEFAULT '0',
  `created` datetime NOT NULL DEFAULT '0000-00-00 00:00:00',
  `created_by` int(10) unsigned NOT NULL DEFAULT '0',
  `created_by_alias` varchar(255) NOT NULL DEFAULT '',
  `modified` datetime NOT NULL DEFAULT '0000-00-00 00:00:00',
  `modified_by` int(10) unsigned NOT NULL DEFAULT '0',
  `checked_out` int(10) unsigned NOT NULL DEFAULT '0',
  `checked_out_time` datetime NOT NULL DEFAULT '0000-00-00 00:00:00',
  `publish_up` datetime NOT NULL DEFAULT '0000-00-00 00:00:00',
  `publish_down` datetime NOT NULL DEFAULT '0000-00-00 00:00:00',
  `images` text NOT NULL,
  `urls` text NOT NULL,
  `attribs` varchar(5120) NOT NULL,
  `version` int(10) unsigned NOT NULL DEFAULT '1',
  `ordering` int(11) NOT NULL DEFAULT '0',
  `metakey` text NOT NULL,
  `metadesc` text NOT NULL,
  `access` int(10) unsigned NOT NULL DEFAULT '0',
  `hits` int(10) unsigned NOT NULL DEFAULT '0',
  `metadata` text NOT NULL,
  `featured` tinyint(3) unsigned NOT NULL DEFAULT '0' COMMENT 'Set if article is featured.',
  `language` char(7) NOT NULL COMMENT 'The language code for the article.',
  `xreference` varchar(50) NOT NULL COMMENT 'A reference to enable linkages to external data sets.',
  PRIMARY KEY (`id`),
  KEY `idx_access` (`access`),
  KEY `idx_checkout` (`checked_out`),
  KEY `idx_state` (`state`),
  KEY `idx_catid` (`catid`),
  KEY `idx_createdby` (`created_by`),
  KEY `idx_featured_catid` (`featured`,`catid`),
  KEY `idx_language` (`language`),
  KEY `idx_xreference` (`xreference`)
) ENGINE=InnoDB  DEFAULT CHARSET=utf8 AUTO_INCREMENT=12 ;

--
-- Daten für Tabelle `lehr_content`
--

INSERT INTO `lehr_content` (`id`, `asset_id`, `title`, `alias`, `introtext`, `fulltext`, `state`, `catid`, `created`, `created_by`, `created_by_alias`, `modified`, `modified_by`, `checked_out`, `checked_out_time`, `publish_up`, `publish_down`, `images`, `urls`, `attribs`, `version`, `ordering`, `metakey`, `metadesc`, `access`, `hits`, `metadata`, `featured`, `language`, `xreference`) VALUES
(1, 33, 'IL CASTAGNETO', 'il-castagneto', '<p>Inmitten jahrhundertealter Kastanien, von Wiesen und Gebirgsbächen des "Val Pellice" umgeben, empfängt Sie unser Gästehaus "Il Castagneto" in freundlicher und persönlicher Atmosphäre. <br /> <br />Derkljhlkjh Familienbetrieb besteht seit über 50 Jahren und ist in enger Zusammenarbeit mit der Waldenserkirche entstanden. Die Idee war, ein internationales ökumenisches Begegnungszentrum einzurichten. So wurde "Il Castagneto" kein anonymer Hotelbetrieb, sondern ein Ort für gemeinschaftliches Leben, der allen Generationen offensteht und besonders kinderfreundlich ausgestattet ist. <br /> <br />"Il Castagneto" bietet Ihnen ideale Bedingungen für Gemeinschaftsferien – von der Jugend-, Familien oder Chorfreizeit bis zur Tagung. In unterschiedlichen Zimmergrößen stehen bis zu 80 Betten zur Verfügung. Unser Zentrum beherbergt einen geräumigen Speisesaal, ein Kaminzimmer und eine Kapelle sowie Liegewiesen<br />und einen Bouleplatz. <br /> <br />Auch Familien und Individualreisenden bietet der Standort in den Cottischen Alpen eine günstig gelegene Basis für Wanderungen und sportliche Aktivitäten. Bis zu 4.000 Meter hohe Berge umgeben "Il Castagneto".</p>', '', 1, 7, '2012-01-16 11:30:59', 42, '', '2012-06-21 19:27:01', 42, 0, '0000-00-00 00:00:00', '2012-01-16 11:30:59', '0000-00-00 00:00:00', '', '', '{"show_title":"","link_titles":"","show_intro":"","show_category":"","link_category":"","show_parent_category":"","link_parent_category":"","show_author":"","link_author":"","show_create_date":"","show_modify_date":"","show_publish_date":"","show_item_navigation":"","show_icons":"","show_print_icon":"","show_email_icon":"","show_vote":"","show_hits":"","show_noauth":"","alternative_readmore":"","article_layout":""}', 3, 3, '', '', 1, 0, '{"robots":"","author":"","rights":"","xreference":""}', 0, '*', ''),
(2, 34, 'IL CASTAGNETO (BILD)', 'il-castagneto-bild', '<p><img src="images/il_astagneto/titel.jpg" border="0" alt="" /></p>', '', 1, 7, '2012-01-16 11:33:24', 42, '', '2012-01-16 13:35:48', 42, 0, '0000-00-00 00:00:00', '2012-01-16 11:33:24', '0000-00-00 00:00:00', '', '', '{"show_title":"","link_titles":"","show_intro":"","show_category":"","link_category":"","show_parent_category":"","link_parent_category":"","show_author":"","link_author":"","show_create_date":"","show_modify_date":"","show_publish_date":"","show_item_navigation":"","show_icons":"","show_print_icon":"","show_email_icon":"","show_vote":"","show_hits":"","show_noauth":"","alternative_readmore":"","article_layout":""}', 7, 2, '', '', 1, 0, '{"robots":"","author":"","rights":"","xreference":""}', 0, '*', ''),
(3, 36, 'VAL PELLICE', 'val-pellice', '<p>Das Tal "Val Pellice" hat eine alte und bedeutende Kulturgeschichte, die maßgeblich von den Waldensern geprägt wurde. So finden sich in fast allen Orten des Tales historische Bauten, die zu einer Erkundung der Waldenser Geschichte einladen.<br /> <br />Torre Pellice, der Hauptort der Waldenser, liegt in sieben Kilometer Entfernung von unserer Begegnungs stätte. Hier finden Sie das Waldenser Museum, das einen umfassenden Überblick über die Geschichte der Waldenser bietet - einer christlichen Glaubensgemeinschaft aus vor-reformatorischen Zeit, die sich vor mehr als 700 Jahren von der katholischen Amtskirche löste und in den Tälern der Region Zuflucht fand. <br /> <br />"Heute sind die Waldensertäler ein Reiseziel für alle, die mehr über den Glauben der Waldenser wissen wollen, aber auch vom Trubel des Alltags abschalten und neue Energien schöpfen möchten. Wandern und Bergsteigen bieten den Besuchern der Waldensertälern unvergessliche Erlebnisse.</p>', '', 1, 8, '2012-01-16 11:30:59', 42, '', '2013-02-18 19:52:02', 42, 0, '0000-00-00 00:00:00', '2012-01-16 11:30:59', '0000-00-00 00:00:00', '', '', '{"show_title":"","link_titles":"","show_intro":"","info_block_position":"","show_category":"","link_category":"","show_parent_category":"","link_parent_category":"","show_author":"","link_author":"","show_create_date":"","show_modify_date":"","show_publish_date":"","show_item_navigation":"","show_icons":"","show_print_icon":"","show_email_icon":"","show_vote":"","show_hits":"","show_noauth":"","urls_position":"","alternative_readmore":"","article_layout":"","show_publishing_options":"","show_article_options":"","show_urls_images_backend":"","show_urls_images_frontend":""}', 8, 1, '', '', 1, 0, '{"robots":"","author":"","rights":"","xreference":""}', 0, '*', ''),
(4, 37, 'VAL PELLICE (BILD)', 'val-pellice-bild', '<p><img src="images/il_astagneto/garten.jpg" border="0" width="330" height="350" /></p>', '', 1, 8, '2012-01-16 11:33:24', 42, '', '2012-01-17 16:53:34', 43, 0, '0000-00-00 00:00:00', '2012-01-16 11:33:24', '0000-00-00 00:00:00', '', '', '{"show_title":"","link_titles":"","show_intro":"","show_category":"","link_category":"","show_parent_category":"","link_parent_category":"","show_author":"","link_author":"","show_create_date":"","show_modify_date":"","show_publish_date":"","show_item_navigation":"","show_icons":"","show_print_icon":"","show_email_icon":"","show_vote":"","show_hits":"","show_noauth":"","alternative_readmore":"","article_layout":""}', 6, 0, '', '', 1, 0, '{"robots":"","author":"","rights":"","xreference":""}', 0, '*', ''),
(5, 41, 'DIE WALDENSER TÄLER (Bild)', 'die-waldenser-taeler-bild', '<p><img src="images/il_astagneto/natur.jpg" border="0" alt="" /></p>', '', -2, 9, '2012-01-16 16:17:28', 42, '', '2012-01-16 16:19:20', 42, 0, '0000-00-00 00:00:00', '2012-01-16 16:17:28', '0000-00-00 00:00:00', '', '', '{"show_title":"","link_titles":"","show_intro":"","show_category":"","link_category":"","show_parent_category":"","link_parent_category":"","show_author":"","link_author":"","show_create_date":"","show_modify_date":"","show_publish_date":"","show_item_navigation":"","show_icons":"","show_print_icon":"","show_email_icon":"","show_vote":"","show_hits":"","show_noauth":"","alternative_readmore":"","article_layout":""}', 4, 1, '', '', 1, 0, '{"robots":"","author":"","rights":"","xreference":""}', 0, '*', ''),
(6, 42, 'DIE WALDENSER TÄLER', 'die-waldenser-taeler', '<p>Die Waldensertäler liegen in den Kottischen Alpen im italienischen Piemont. Abseits der Touristenströme Norditaliens gelegen, bieten die Täler ein imponierendes Landschaftserlebnis vor der schneebedeckten Kulisse der westlichen Alpen. Sie finden hier mittelalterliche Dörfer, Klöster und Kastelle. <br /> <br />Ein Ferienziel, das Erholung und Kontemplation verspricht, aber auch Sport- und Kulturinteressierte begeistern wird. Sie können Bergwanderungen, Reit-und Fahrradtouren unternehmen, klettern oder Kanu fahren. Das südliche Klima Italiens sorgt für viel Sonne, die Berge für angenehme Temperaturen. <br /> <br />Vom "Pellice" bieten sich Ausflüge nach Torino oder in die südöstlich gelegenen Weinbaugebiete um die Städte Alba und Asti an. Besuchen Sie die Märkte der dörflichen Umgebung, streifen Sie durch die Wiesen der Po-Ebene oder besichtigen Sie die mittelalterliche Stadt Saluzzo vor dem grandiosen Panorama des „Monviso“. <br /> <br />Ausflugsziele eröffnen sich in alle Himmelsrichtungen. Sogar das Mittelmeer ist in zwei Stunden leicht zu erreichen.</p>', '', 1, 9, '2012-01-16 16:17:28', 42, '', '2012-01-16 16:19:20', 0, 0, '0000-00-00 00:00:00', '2012-01-16 16:17:28', '0000-00-00 00:00:00', '', '', '{"show_title":"","link_titles":"","show_intro":"","show_category":"","link_category":"","show_parent_category":"","link_parent_category":"","show_author":"","link_author":"","show_create_date":"","show_modify_date":"","show_publish_date":"","show_item_navigation":"","show_icons":"","show_print_icon":"","show_email_icon":"","show_vote":"","show_hits":"","show_noauth":"","alternative_readmore":"","article_layout":""}', 1, 1, '', '', 1, 0, '{"robots":"","author":"","rights":"","xreference":""}', 0, '*', ''),
(7, 43, 'DIE WALDENSER TÄLER (Bild)', 'die-waldenser-taeler-bild-rechts', '<p><img src="images/il_astagneto/natur.jpg" border="0" alt="" /></p>', '', 1, 9, '2012-01-16 16:17:28', 42, '', '2012-01-18 18:13:50', 43, 0, '0000-00-00 00:00:00', '2012-01-16 16:17:28', '0000-00-00 00:00:00', '', '', '{"show_title":"","link_titles":"","show_intro":"","show_category":"","link_category":"","show_parent_category":"","link_parent_category":"","show_author":"","link_author":"","show_create_date":"","show_modify_date":"","show_publish_date":"","show_item_navigation":"","show_icons":"","show_print_icon":"","show_email_icon":"","show_vote":"","show_hits":"","show_noauth":"","alternative_readmore":"","article_layout":""}', 5, 0, '', '', 1, 0, '{"robots":"","author":"","rights":"","xreference":""}', 0, '*', ''),
(8, 44, 'ANGEBOTE', 'angebote', '<p><strong>Vollpension</strong><br />(Frühstück, Mittag- und Abendessen aus mehreren Gängen)<br /> <br /><strong>Unsere Küche ist italienisch</strong><br />Wir kochen vorwiegend mit frischen Produkten aus der Region. Der Tischwein kommt aus dem Piemont. Bei Bedarf stellen wir uns auf vegetarische Gruppen ein.<br /> <br /><strong>80 Betten in drei Häusern</strong><br />"Il Castagneto", "Casa Nuova" und "Chalet", davon 2 Einzelzimmer, 15 Doppelzimmer, 7 Zimmer mit drei oder vier Betten, 2 Mehrbettzimmer für 6 bis 8 Personen, 2 Appartements mit behindertengerechter Einrichtung<br /> <br /><strong>Speisesaal (130 qm)</strong><br />Bei schönem Wetter wird unter den Kastanien gegessen, Kaminzimmer (60 qm), Kapelle (60 qm)<br /> <br /><strong>Parkplatz</strong><br /> <br />Kinder- und Abenteuerspielplatz, Sport- und Freizeitanlage, Swimmingpool, Boulebahn, Eselreiten sowie Tierhaltung<br /> <br />Die ganze Familie Lazier spricht fließend Deutsch.</p>', '', 1, 10, '2012-01-16 11:30:59', 42, '', '2012-01-16 13:33:52', 0, 0, '0000-00-00 00:00:00', '2012-01-16 11:30:59', '0000-00-00 00:00:00', '', '', '{"show_title":"","link_titles":"","show_intro":"","show_category":"","link_category":"","show_parent_category":"","link_parent_category":"","show_author":"","link_author":"","show_create_date":"","show_modify_date":"","show_publish_date":"","show_item_navigation":"","show_icons":"","show_print_icon":"","show_email_icon":"","show_vote":"","show_hits":"","show_noauth":"","alternative_readmore":"","article_layout":""}', 1, 1, '', '', 1, 0, '{"robots":"","author":"","rights":"","xreference":""}', 0, '*', ''),
(9, 45, 'ANGEBOTE (Bild)', 'angebote-bild', '<p><strong><img src="images/il_astagneto/zimmer.jpg" border="0" width="330" /></strong></p>', '', 1, 10, '2012-01-16 11:30:59', 42, '', '2012-01-17 16:56:07', 43, 0, '0000-00-00 00:00:00', '2012-01-16 11:30:59', '0000-00-00 00:00:00', '', '', '{"show_title":"","link_titles":"","show_intro":"","show_category":"","link_category":"","show_parent_category":"","link_parent_category":"","show_author":"","link_author":"","show_create_date":"","show_modify_date":"","show_publish_date":"","show_item_navigation":"","show_icons":"","show_print_icon":"","show_email_icon":"","show_vote":"","show_hits":"","show_noauth":"","alternative_readmore":"","article_layout":""}', 2, 0, '', '', 1, 0, '{"robots":"","author":"","rights":"","xreference":""}', 0, '*', ''),
(10, 46, 'KONTAKT / ANREISE', 'kontakt-anreise', '<p><img src="images/il_astagneto/plan.jpg" border="0" width="46" height="46" /></p>\r\n<p>Il Castagneto | 10060 Villar Pellice </p>\r\n<p><strong>Kontakt</strong> Christian Lazier<br /><strong>fon</strong> 00 39.01 21.93 06 00<br /><strong>e-mail</strong> <a class="text" href="mailto:castagneto@gmx.net">castagneto@gmx.net</a><br /> <br /><strong>Anreise mit der Bahn</strong><br />Torino - Pinerolo - Torre Pellice<br /> <br /><strong>Anreise mit dem PKW</strong><br />Tangenziale Torino, Ausfahrt Orbassano auf die A 55 (Richtung Pinerolo), bis Pinerolo, dann Richtung Val Pellice, durch Torre Pellice bis Villar Pellice, der Hauptstraße durch Villar Pellice folgen, dann Richtung Bobbio Pellice, nach ca. 2 km Abzweig links über eine große Brücke (Fluss Pellice), dann links über eine kleine Brücke und gleich danach rechts in die Einfahrt.<br /> </p>', '', 1, 11, '2012-01-16 11:30:59', 42, '', '2012-01-18 15:26:16', 43, 0, '0000-00-00 00:00:00', '2012-01-16 11:30:59', '0000-00-00 00:00:00', '', '', '{"show_title":"","link_titles":"","show_intro":"","show_category":"","link_category":"","show_parent_category":"","link_parent_category":"","show_author":"","link_author":"","show_create_date":"","show_modify_date":"","show_publish_date":"","show_item_navigation":"","show_icons":"","show_print_icon":"","show_email_icon":"","show_vote":"","show_hits":"","show_noauth":"","alternative_readmore":"","article_layout":""}', 12, 1, '', '', 1, 0, '{"robots":"","author":"","rights":"","xreference":""}', 0, '*', ''),
(11, 47, 'KONTAKT / ANREISE (Bild)', 'kontakt--anreise-bild', '<p><img src="images/il_astagneto/swimmingpool.jpg" border="0" alt="" /></p>', '', 1, 11, '2012-01-16 11:30:59', 42, '', '0000-00-00 00:00:00', 0, 0, '0000-00-00 00:00:00', '2012-01-16 11:30:59', '0000-00-00 00:00:00', '', '', '{"show_title":"","link_titles":"","show_intro":"","show_category":"","link_category":"","show_parent_category":"","link_parent_category":"","show_author":"","link_author":"","show_create_date":"","show_modify_date":"","show_publish_date":"","show_item_navigation":"","show_icons":"","show_print_icon":"","show_email_icon":"","show_vote":"","show_hits":"","show_noauth":"","alternative_readmore":"","article_layout":""}', 1, 0, '', '', 1, 0, '{"robots":"","author":"","rights":"","xreference":""}', 0, '*', '');

-- --------------------------------------------------------

--
-- Tabellenstruktur für Tabelle `lehr_contentitem_tag_map`
--

CREATE TABLE IF NOT EXISTS `lehr_contentitem_tag_map` (
  `type_alias` varchar(255) NOT NULL DEFAULT '',
  `core_content_id` int(10) unsigned NOT NULL COMMENT 'PK from the core content table',
  `content_item_id` int(11) NOT NULL COMMENT 'PK from the content type table',
  `tag_id` int(10) unsigned NOT NULL COMMENT 'PK from the tag table',
  `tag_date` timestamp NOT NULL DEFAULT CURRENT_TIMESTAMP ON UPDATE CURRENT_TIMESTAMP COMMENT 'Date of most recent save for this tag-item',
  `type_id` mediumint(8) NOT NULL COMMENT 'PK from the content_type table',
  UNIQUE KEY `uc_ItemnameTagid` (`type_id`,`content_item_id`,`tag_id`),
  KEY `idx_tag_type` (`tag_id`,`type_id`),
  KEY `idx_date_id` (`tag_date`,`tag_id`),
  KEY `idx_tag` (`tag_id`),
  KEY `idx_type` (`type_id`),
  KEY `idx_core_content_id` (`core_content_id`)
) ENGINE=InnoDB DEFAULT CHARSET=utf8 COMMENT='Maps items from content tables to tags';

-- --------------------------------------------------------

--
-- Tabellenstruktur für Tabelle `lehr_content_frontpage`
--

CREATE TABLE IF NOT EXISTS `lehr_content_frontpage` (
  `content_id` int(11) NOT NULL DEFAULT '0',
  `ordering` int(11) NOT NULL DEFAULT '0',
  PRIMARY KEY (`content_id`)
) ENGINE=InnoDB DEFAULT CHARSET=utf8;

-- --------------------------------------------------------

--
-- Tabellenstruktur für Tabelle `lehr_content_rating`
--

CREATE TABLE IF NOT EXISTS `lehr_content_rating` (
  `content_id` int(11) NOT NULL DEFAULT '0',
  `rating_sum` int(10) unsigned NOT NULL DEFAULT '0',
  `rating_count` int(10) unsigned NOT NULL DEFAULT '0',
  `lastip` varchar(50) NOT NULL DEFAULT '',
  PRIMARY KEY (`content_id`)
) ENGINE=InnoDB DEFAULT CHARSET=utf8;

-- --------------------------------------------------------

--
-- Tabellenstruktur für Tabelle `lehr_content_types`
--

CREATE TABLE IF NOT EXISTS `lehr_content_types` (
  `type_id` int(10) unsigned NOT NULL AUTO_INCREMENT,
  `type_title` varchar(255) NOT NULL DEFAULT '',
  `type_alias` varchar(255) NOT NULL DEFAULT '',
  `table` varchar(255) NOT NULL DEFAULT '',
  `rules` text NOT NULL,
  `field_mappings` text NOT NULL,
  `router` varchar(255) NOT NULL DEFAULT '',
  PRIMARY KEY (`type_id`),
  KEY `idx_alias` (`type_alias`)
) ENGINE=InnoDB  DEFAULT CHARSET=utf8 AUTO_INCREMENT=10000 ;

--
-- Daten für Tabelle `lehr_content_types`
--

INSERT INTO `lehr_content_types` (`type_id`, `type_title`, `type_alias`, `table`, `rules`, `field_mappings`, `router`) VALUES
(1, 'Article', 'com_content.article', '{"special":{"dbtable":"#__content","key":"id","type":"Content","prefix":"JTable","config":"array()"},"common":{"dbtable":"#__ucm_content","key":"ucm_id","type":"Corecontent","prefix":"JTable","config":"array()"}}', '', '{"common":{"core_content_item_id":"id","core_title":"title","core_state":"state","core_alias":"alias","core_created_time":"created","core_modified_time":"modified","core_body":"introtext", "core_hits":"hits","core_publish_up":"publish_up","core_publish_down":"publish_down","core_access":"access", "core_params":"attribs", "core_featured":"featured", "core_metadata":"metadata", "core_language":"language", "core_images":"images", "core_urls":"urls", "core_version":"version", "core_ordering":"ordering", "core_metakey":"metakey", "core_metadesc":"metadesc", "core_catid":"catid", "core_xreference":"xreference", "asset_id":"asset_id"}, "special": {"fulltext":"fulltext"}}', 'ContentHelperRoute::getArticleRoute'),
(2, 'Weblink', 'com_weblinks.weblink', '{"special":{"dbtable":"#__weblinks","key":"id","type":"Weblink","prefix":"WeblinksTable","config":"array()"},"common":{"dbtable":"#__ucm_content","key":"ucm_id","type":"Corecontent","prefix":"JTable","config":"array()"}}', '', '{"common":{"core_content_item_id":"id","core_title":"title","core_state":"state","core_alias":"alias","core_created_time":"created","core_modified_time":"modified","core_body":"description", "core_hits":"hits","core_publish_up":"publish_up","core_publish_down":"publish_down","core_access":"access", "core_params":"params", "core_featured":"featured", "core_metadata":"metadata", "core_language":"language", "core_images":"images", "core_urls":"url", "core_version":"version", "core_ordering":"ordering", "core_metakey":"metakey", "core_metadesc":"metadesc", "core_catid":"catid", "core_xreference":"xreference", "asset_id":"null"}, "special": {}}', 'WeblinksHelperRoute::getWeblinkRoute'),
(3, 'Contact', 'com_contact.contact', '{"special":{"dbtable":"#__contact_details","key":"id","type":"Contact","prefix":"ContactTable","config":"array()"},"common":{"dbtable":"#__ucm_content","key":"ucm_id","type":"Corecontent","prefix":"JTable","config":"array()"}}', '', '{"common":{"core_content_item_id":"id","core_title":"name","core_state":"published","core_alias":"alias","core_created_time":"created","core_modified_time":"modified","core_body":"address", "core_hits":"hits","core_publish_up":"publish_up","core_publish_down":"publish_down","core_access":"access", "core_params":"params", "core_featured":"featured", "core_metadata":"metadata", "core_language":"language", "core_images":"image", "core_urls":"webpage", "core_version":"version", "core_ordering":"ordering", "core_metakey":"metakey", "core_metadesc":"metadesc", "core_catid":"catid", "core_xreference":"xreference", "asset_id":"null"}, "special": {"con_position":"con_position","suburb":"suburb","state":"state","country":"country","postcode":"postcode","telephone":"telephone","fax":"fax","misc":"misc","email_to":"email_to","default_con":"default_con","user_id":"user_id","mobile":"mobile","sortname1":"sortname1","sortname2":"sortname2","sortname3":"sortname3"}}', 'ContactHelperRoute::getContactRoute'),
(4, 'Newsfeed', 'com_newsfeeds.newsfeed', '{"special":{"dbtable":"#__newsfeeds","key":"id","type":"Newsfeed","prefix":"NewsfeedsTable","config":"array()"},"common":{"dbtable":"#__ucm_content","key":"ucm_id","type":"Corecontent","prefix":"JTable","config":"array()"}}', '', '{"common":{"core_content_item_id":"id","core_title":"name","core_state":"published","core_alias":"alias","core_created_time":"created","core_modified_time":"modified","core_body":"description", "core_hits":"hits","core_publish_up":"publish_up","core_publish_down":"publish_down","core_access":"access", "core_params":"params", "core_featured":"featured", "core_metadata":"metadata", "core_language":"language", "core_images":"images", "core_urls":"link", "core_version":"version", "core_ordering":"ordering", "core_metakey":"metakey", "core_metadesc":"metadesc", "core_catid":"catid", "core_xreference":"xreference", "asset_id":"null"}, "special": {"numarticles":"numarticles","cache_time":"cache_time","rtl":"rtl"}}', 'NewsfeedsHelperRoute::getNewsfeedRoute'),
(5, 'User', 'com_users.user', '{"special":{"dbtable":"#__users","key":"id","type":"User","prefix":"JTable","config":"array()"},"common":{"dbtable":"#__ucm_content","key":"ucm_id","type":"Corecontent","prefix":"JTable","config":"array()"}}', '', '{"common":{"core_content_item_id":"id","core_title":"name","core_state":"null","core_alias":"username","core_created_time":"registerdate","core_modified_time":"lastvisitDate","core_body":"null", "core_hits":"null","core_publish_up":"null","core_publish_down":"null","access":"null", "core_params":"params", "core_featured":"null", "core_metadata":"null", "core_language":"null", "core_images":"null", "core_urls":"null", "core_version":"null", "core_ordering":"null", "core_metakey":"null", "core_metadesc":"null", "core_catid":"null", "core_xreference":"null", "asset_id":"null"}, "special": {}}', 'UsersHelperRoute::getUserRoute'),
(6, 'Article Category', 'com_content.category', '{"special":{"dbtable":"#__categories","key":"id","type":"Category","prefix":"JTable","config":"array()"},"common":{"dbtable":"#__ucm_content","key":"ucm_id","type":"Corecontent","prefix":"JTable","config":"array()"}}', '', '{"common":{"core_content_item_id":"id","core_title":"title","core_state":"published","core_alias":"alias","core_created_time":"created_time","core_modified_time":"modified_time","core_body":"description", "core_hits":"hits","core_publish_up":"null","core_publish_down":"null","core_access":"access", "core_params":"params", "core_featured":"null", "core_metadata":"metadata", "core_language":"language", "core_images":"null", "core_urls":"null", "core_version":"version", "core_ordering":"null", "core_metakey":"metakey", "core_metadesc":"metadesc", "core_catid":"parent_id", "core_xreference":"null", "asset_id":"asset_id"}, "special": {"parent_id":"parent_id","lft":"lft","rgt":"rgt","level":"level","path":"path","extension":"extension","note":"note"}}', 'ContentHelperRoute::getCategoryRoute'),
(7, 'Contact Category', 'com_contact.category', '{"special":{"dbtable":"#__categories","key":"id","type":"Category","prefix":"JTable","config":"array()"},"common":{"dbtable":"#__ucm_content","key":"ucm_id","type":"Corecontent","prefix":"JTable","config":"array()"}}', '', '{"common":{"core_content_item_id":"id","core_title":"title","core_state":"published","core_alias":"alias","core_created_time":"created_time","core_modified_time":"modified_time","core_body":"description", "core_hits":"hits","core_publish_up":"null","core_publish_down":"null","core_access":"access", "core_params":"params", "core_featured":"null", "core_metadata":"metadata", "core_language":"language", "core_images":"null", "core_urls":"null", "core_version":"version", "core_ordering":"null", "core_metakey":"metakey", "core_metadesc":"metadesc", "core_catid":"parent_id", "core_xreference":"null", "asset_id":"asset_id"}, "special": {"parent_id":"parent_id","lft":"lft","rgt":"rgt","level":"level","path":"path","extension":"extension","note":"note"}}', 'ContactHelperRoute::getCategoryRoute'),
(8, 'Newsfeeds Category', 'com_newsfeeds.category', '{"special":{"dbtable":"#__categories","key":"id","type":"Category","prefix":"JTable","config":"array()"},"common":{"dbtable":"#__ucm_content","key":"ucm_id","type":"Corecontent","prefix":"JTable","config":"array()"}}', '', '{"common":{"core_content_item_id":"id","core_title":"title","core_state":"published","core_alias":"alias","core_created_time":"created_time","core_modified_time":"modified_time","core_body":"description", "core_hits":"hits","core_publish_up":"null","core_publish_down":"null","core_access":"access", "core_params":"params", "core_featured":"null", "core_metadata":"metadata", "core_language":"language", "core_images":"null", "core_urls":"null", "core_version":"version", "core_ordering":"null", "core_metakey":"metakey", "core_metadesc":"metadesc", "core_catid":"parent_id", "core_xreference":"null", "asset_id":"asset_id"}, "special": {"parent_id":"parent_id","lft":"lft","rgt":"rgt","level":"level","path":"path","extension":"extension","note":"note"}}', 'NewsfeedsHelperRoute::getCategoryRoute'),
(9, 'Weblinks Category', 'com_weblinks.category', '{"special":{"dbtable":"#__categories","key":"id","type":"Category","prefix":"JTable","config":"array()"},"common":{"dbtable":"#__ucm_content","key":"ucm_id","type":"Corecontent","prefix":"JTable","config":"array()"}}', '', '{"common":{"core_content_item_id":"id","core_title":"title","core_state":"published","core_alias":"alias","core_created_time":"created_time","core_modified_time":"modified_time","core_body":"description", "core_hits":"hits","core_publish_up":"null","core_publish_down":"null","core_access":"access", "core_params":"params", "core_featured":"null", "core_metadata":"metadata", "core_language":"language", "core_images":"null", "core_urls":"null", "core_version":"version", "core_ordering":"null", "core_metakey":"metakey", "core_metadesc":"metadesc", "core_catid":"parent_id", "core_xreference":"null", "asset_id":"asset_id"}, "special": {"parent_id":"parent_id","lft":"lft","rgt":"rgt","level":"level","path":"path","extension":"extension","note":"note"}}', 'WeblinksHelperRoute::getCategoryRoute'),
(10, 'Tag', 'com_tags.tag', '{"special":{"dbtable":"#__tags","key":"tag_id","type":"Tag","prefix":"TagsTable","config":"array()"},"common":{"dbtable":"#__ucm_content","key":"ucm_id","type":"Corecontent","prefix":"JTable","config":"array()"}}', '', '{"common":{"core_content_item_id":"id","core_title":"title","core_state":"published","core_alias":"alias","core_created_time":"created_time","core_modified_time":"modified_time","core_body":"description", "core_hits":"hits","core_publish_up":"null","core_publish_down":"null","core_access":"access", "core_params":"params", "core_featured":"featured", "core_metadata":"metadata", "core_language":"language", "core_images":"images", "core_urls":"urls", "core_version":"version", "core_ordering":"null", "core_metakey":"metakey", "core_metadesc":"metadesc", "core_catid":"null", "core_xreference":"null", "asset_id":"null"}, "special": {"parent_id":"parent_id","lft":"lft","rgt":"rgt","level":"level","path":"path"}}', 'TagsHelperRoute::getTagRoute');

-- --------------------------------------------------------

--
-- Tabellenstruktur für Tabelle `lehr_core_log_searches`
--

CREATE TABLE IF NOT EXISTS `lehr_core_log_searches` (
  `search_term` varchar(128) NOT NULL DEFAULT '',
  `hits` int(10) unsigned NOT NULL DEFAULT '0'
) ENGINE=InnoDB DEFAULT CHARSET=utf8;

-- --------------------------------------------------------

--
-- Tabellenstruktur für Tabelle `lehr_extensions`
--

CREATE TABLE IF NOT EXISTS `lehr_extensions` (
  `extension_id` int(11) NOT NULL AUTO_INCREMENT,
  `name` varchar(100) NOT NULL,
  `type` varchar(20) NOT NULL,
  `element` varchar(100) NOT NULL,
  `folder` varchar(100) NOT NULL,
  `client_id` tinyint(3) NOT NULL,
  `enabled` tinyint(3) NOT NULL DEFAULT '1',
  `access` int(10) unsigned NOT NULL DEFAULT '1',
  `protected` tinyint(3) NOT NULL DEFAULT '0',
  `manifest_cache` text NOT NULL,
  `params` text NOT NULL,
  `custom_data` text NOT NULL,
  `system_data` text NOT NULL,
  `checked_out` int(10) unsigned NOT NULL DEFAULT '0',
  `checked_out_time` datetime NOT NULL DEFAULT '0000-00-00 00:00:00',
  `ordering` int(11) DEFAULT '0',
  `state` int(11) DEFAULT '0',
  PRIMARY KEY (`extension_id`),
  KEY `element_clientid` (`element`,`client_id`),
  KEY `element_folder_clientid` (`element`,`folder`,`client_id`),
  KEY `extension` (`type`,`element`,`folder`,`client_id`)
) ENGINE=InnoDB  DEFAULT CHARSET=utf8 AUTO_INCREMENT=10056 ;

--
-- Daten für Tabelle `lehr_extensions`
--

INSERT INTO `lehr_extensions` (`extension_id`, `name`, `type`, `element`, `folder`, `client_id`, `enabled`, `access`, `protected`, `manifest_cache`, `params`, `custom_data`, `system_data`, `checked_out`, `checked_out_time`, `ordering`, `state`) VALUES
(1, 'com_mailto', 'component', 'com_mailto', '', 0, 1, 1, 1, '{"name":"com_mailto","type":"component","creationDate":"April 2006","author":"Joomla! Project","copyright":"(C) 2005 - 2013 Open Source Matters. All rights reserved.\\t","authorEmail":"admin@joomla.org","authorUrl":"www.joomla.org","version":"3.0.0","description":"COM_MAILTO_XML_DESCRIPTION","group":""}', '', '', '', 0, '0000-00-00 00:00:00', 0, 0),
(2, 'com_wrapper', 'component', 'com_wrapper', '', 0, 1, 1, 1, '{"name":"com_wrapper","type":"component","creationDate":"April 2006","author":"Joomla! Project","copyright":"(C) 2005 - 2013 Open Source Matters. All rights reserved.\\n\\t","authorEmail":"admin@joomla.org","authorUrl":"www.joomla.org","version":"3.0.0","description":"COM_WRAPPER_XML_DESCRIPTION","group":""}', '', '', '', 0, '0000-00-00 00:00:00', 0, 0),
(3, 'com_admin', 'component', 'com_admin', '', 1, 1, 1, 1, '{"name":"com_admin","type":"component","creationDate":"April 2006","author":"Joomla! Project","copyright":"(C) 2005 - 2013 Open Source Matters. All rights reserved.\\n\\t","authorEmail":"admin@joomla.org","authorUrl":"www.joomla.org","version":"3.0.0","description":"COM_ADMIN_XML_DESCRIPTION","group":""}', '', '', '', 0, '0000-00-00 00:00:00', 0, 0),
(4, 'com_banners', 'component', 'com_banners', '', 1, 1, 1, 0, '{"name":"com_banners","type":"component","creationDate":"April 2006","author":"Joomla! Project","copyright":"(C) 2005 - 2013 Open Source Matters. All rights reserved.\\n\\t","authorEmail":"admin@joomla.org","authorUrl":"www.joomla.org","version":"3.0.0","description":"COM_BANNERS_XML_DESCRIPTION","group":""}', '{"purchase_type":"3","track_impressions":"0","track_clicks":"0","metakey_prefix":""}', '', '', 0, '0000-00-00 00:00:00', 0, 0),
(5, 'com_cache', 'component', 'com_cache', '', 1, 1, 1, 1, '{"name":"com_cache","type":"component","creationDate":"April 2006","author":"Joomla! Project","copyright":"(C) 2005 - 2013 Open Source Matters. All rights reserved.\\t","authorEmail":"admin@joomla.org","authorUrl":"www.joomla.org","version":"3.0.0","description":"COM_CACHE_XML_DESCRIPTION","group":""}', '', '', '', 0, '0000-00-00 00:00:00', 0, 0),
(6, 'com_categories', 'component', 'com_categories', '', 1, 1, 1, 1, '{"name":"com_categories","type":"component","creationDate":"December 2007","author":"Joomla! Project","copyright":"(C) 2005 - 2013 Open Source Matters. All rights reserved.","authorEmail":"admin@joomla.org","authorUrl":"www.joomla.org","version":"3.0.0","description":"COM_CATEGORIES_XML_DESCRIPTION","group":""}', '', '', '', 0, '0000-00-00 00:00:00', 0, 0),
(7, 'com_checkin', 'component', 'com_checkin', '', 1, 1, 1, 1, '{"name":"com_checkin","type":"component","creationDate":"Unknown","author":"Joomla! Project","copyright":"(C) 2005 - 2008 Open Source Matters. All rights reserved.\\n\\t","authorEmail":"admin@joomla.org","authorUrl":"www.joomla.org","version":"3.0.0","description":"COM_CHECKIN_XML_DESCRIPTION","group":""}', '', '', '', 0, '0000-00-00 00:00:00', 0, 0),
(8, 'com_contact', 'component', 'com_contact', '', 1, 1, 1, 0, '{"name":"com_contact","type":"component","creationDate":"April 2006","author":"Joomla! Project","copyright":"(C) 2005 - 2013 Open Source Matters. All rights reserved.\\n\\t","authorEmail":"admin@joomla.org","authorUrl":"www.joomla.org","version":"3.0.0","description":"COM_CONTACT_XML_DESCRIPTION","group":""}', '{"show_contact_category":"hide","show_contact_list":"0","presentation_style":"sliders","show_name":"1","show_position":"1","show_email":"0","show_street_address":"1","show_suburb":"1","show_state":"1","show_postcode":"1","show_country":"1","show_telephone":"1","show_mobile":"1","show_fax":"1","show_webpage":"1","show_misc":"1","show_image":"1","image":"","allow_vcard":"0","show_articles":"0","show_profile":"0","show_links":"0","linka_name":"","linkb_name":"","linkc_name":"","linkd_name":"","linke_name":"","contact_icons":"0","icon_address":"","icon_email":"","icon_telephone":"","icon_mobile":"","icon_fax":"","icon_misc":"","show_headings":"1","show_position_headings":"1","show_email_headings":"0","show_telephone_headings":"1","show_mobile_headings":"0","show_fax_headings":"0","allow_vcard_headings":"0","show_suburb_headings":"1","show_state_headings":"1","show_country_headings":"1","show_email_form":"1","show_email_copy":"1","banned_email":"","banned_subject":"","banned_text":"","validate_session":"1","custom_reply":"0","redirect":"","show_category_crumb":"0","metakey":"","metadesc":"","robots":"","author":"","rights":"","xreference":""}', '', '', 0, '0000-00-00 00:00:00', 0, 0),
(9, 'com_cpanel', 'component', 'com_cpanel', '', 1, 1, 1, 1, '{"name":"com_cpanel","type":"component","creationDate":"April 2006","author":"Joomla! Project","copyright":"(C) 2005 - 2013 Open Source Matters. All rights reserved.","authorEmail":"admin@joomla.org","authorUrl":"www.joomla.org","version":"3.0.0","description":"COM_CPANEL_XML_DESCRIPTION","group":""}', '', '', '', 0, '0000-00-00 00:00:00', 0, 0),
(10, 'com_installer', 'component', 'com_installer', '', 1, 1, 1, 1, '{"name":"com_installer","type":"component","creationDate":"April 2006","author":"Joomla! Project","copyright":"(C) 2005 - 2013 Open Source Matters. All rights reserved.\\t","authorEmail":"admin@joomla.org","authorUrl":"www.joomla.org","version":"3.0.0","description":"COM_INSTALLER_XML_DESCRIPTION","group":""}', '{}', '', '', 0, '0000-00-00 00:00:00', 0, 0),
(11, 'com_languages', 'component', 'com_languages', '', 1, 1, 1, 1, '{"name":"com_languages","type":"component","creationDate":"2006","author":"Joomla! Project","copyright":"(C) 2005 - 2013 Open Source Matters. All rights reserved.\\n\\t","authorEmail":"admin@joomla.org","authorUrl":"www.joomla.org","version":"3.0.0","description":"COM_LANGUAGES_XML_DESCRIPTION","group":""}', '{"administrator":"de-DE","site":"de-DE"}', '', '', 0, '0000-00-00 00:00:00', 0, 0),
(12, 'com_login', 'component', 'com_login', '', 1, 1, 1, 1, '{"name":"com_login","type":"component","creationDate":"April 2006","author":"Joomla! Project","copyright":"(C) 2005 - 2013 Open Source Matters. All rights reserved.\\t","authorEmail":"admin@joomla.org","authorUrl":"www.joomla.org","version":"3.0.0","description":"COM_LOGIN_XML_DESCRIPTION","group":""}', '', '', '', 0, '0000-00-00 00:00:00', 0, 0),
(13, 'com_media', 'component', 'com_media', '', 1, 1, 0, 1, '{"name":"com_media","type":"component","creationDate":"April 2006","author":"Joomla! Project","copyright":"(C) 2005 - 2013 Open Source Matters. All rights reserved.\\t","authorEmail":"admin@joomla.org","authorUrl":"www.joomla.org","version":"3.0.0","description":"COM_MEDIA_XML_DESCRIPTION","group":""}', '{"upload_extensions":"bmp,csv,doc,gif,ico,jpg,jpeg,odg,odp,ods,odt,pdf,png,ppt,swf,txt,xcf,xls,BMP,CSV,DOC,GIF,ICO,JPG,JPEG,ODG,ODP,ODS,ODT,PDF,PNG,PPT,SWF,TXT,XCF,XLS","upload_maxsize":"10","file_path":"images\\/il_astagneto","image_path":"images\\/il_astagneto","restrict_uploads":"0","check_mime":"1","image_extensions":"bmp,gif,jpg,png","ignore_extensions":"","upload_mime":"image\\/jpeg,image\\/gif,image\\/png,image\\/bmp,application\\/x-shockwave-flash,application\\/msword,application\\/excel,application\\/pdf,application\\/powerpoint,text\\/plain,application\\/x-zip","upload_mime_illegal":"text\\/html","enable_flash":"1"}', '', '', 0, '0000-00-00 00:00:00', 0, 0),
(14, 'com_menus', 'component', 'com_menus', '', 1, 1, 1, 1, '{"name":"com_menus","type":"component","creationDate":"April 2006","author":"Joomla! Project","copyright":"(C) 2005 - 2013 Open Source Matters. All rights reserved.\\t","authorEmail":"admin@joomla.org","authorUrl":"www.joomla.org","version":"3.0.0","description":"COM_MENUS_XML_DESCRIPTION","group":""}', '{}', '', '', 0, '0000-00-00 00:00:00', 0, 0),
(15, 'com_messages', 'component', 'com_messages', '', 1, 1, 1, 1, '{"name":"com_messages","type":"component","creationDate":"April 2006","author":"Joomla! Project","copyright":"(C) 2005 - 2013 Open Source Matters. All rights reserved.\\t","authorEmail":"admin@joomla.org","authorUrl":"www.joomla.org","version":"3.0.0","description":"COM_MESSAGES_XML_DESCRIPTION","group":""}', '', '', '', 0, '0000-00-00 00:00:00', 0, 0),
(16, 'com_modules', 'component', 'com_modules', '', 1, 1, 1, 1, '{"name":"com_modules","type":"component","creationDate":"April 2006","author":"Joomla! Project","copyright":"(C) 2005 - 2013 Open Source Matters. All rights reserved.\\t","authorEmail":"admin@joomla.org","authorUrl":"www.joomla.org","version":"3.0.0","description":"COM_MODULES_XML_DESCRIPTION","group":""}', '{}', '', '', 0, '0000-00-00 00:00:00', 0, 0),
(17, 'com_newsfeeds', 'component', 'com_newsfeeds', '', 1, 1, 1, 0, '{"name":"com_newsfeeds","type":"component","creationDate":"April 2006","author":"Joomla! Project","copyright":"(C) 2005 - 2013 Open Source Matters. All rights reserved.\\t","authorEmail":"admin@joomla.org","authorUrl":"www.joomla.org","version":"3.0.0","description":"COM_NEWSFEEDS_XML_DESCRIPTION","group":""}', '{"show_feed_image":"1","show_feed_description":"1","show_item_description":"1","feed_word_count":"0","show_headings":"1","show_name":"1","show_articles":"0","show_link":"1","show_description":"1","show_description_image":"1","display_num":"","show_pagination_limit":"1","show_pagination":"1","show_pagination_results":"1","show_cat_items":"1"}', '', '', 0, '0000-00-00 00:00:00', 0, 0),
(18, 'com_plugins', 'component', 'com_plugins', '', 1, 1, 1, 1, '{"name":"com_plugins","type":"component","creationDate":"April 2006","author":"Joomla! Project","copyright":"(C) 2005 - 2013 Open Source Matters. All rights reserved.\\t","authorEmail":"admin@joomla.org","authorUrl":"www.joomla.org","version":"3.0.0","description":"COM_PLUGINS_XML_DESCRIPTION","group":""}', '{}', '', '', 0, '0000-00-00 00:00:00', 0, 0),
(19, 'com_search', 'component', 'com_search', '', 1, 1, 1, 0, '{"name":"com_search","type":"component","creationDate":"April 2006","author":"Joomla! Project","copyright":"(C) 2005 - 2013 Open Source Matters. All rights reserved.\\n\\t","authorEmail":"admin@joomla.org","authorUrl":"www.joomla.org","version":"3.0.0","description":"COM_SEARCH_XML_DESCRIPTION","group":""}', '{"enabled":"0","show_date":"1"}', '', '', 0, '0000-00-00 00:00:00', 0, 0),
(20, 'com_templates', 'component', 'com_templates', '', 1, 1, 1, 1, '{"name":"com_templates","type":"component","creationDate":"April 2006","author":"Joomla! Project","copyright":"(C) 2005 - 2013 Open Source Matters. All rights reserved.\\t","authorEmail":"admin@joomla.org","authorUrl":"www.joomla.org","version":"3.0.0","description":"COM_TEMPLATES_XML_DESCRIPTION","group":""}', '{}', '', '', 0, '0000-00-00 00:00:00', 0, 0),
(21, 'com_weblinks', 'component', 'com_weblinks', '', 1, 1, 1, 0, '{"name":"com_weblinks","type":"component","creationDate":"April 2006","author":"Joomla! Project","copyright":"(C) 2005 - 2013 Open Source Matters. All rights reserved.\\n\\t","authorEmail":"admin@joomla.org","authorUrl":"www.joomla.org","version":"3.0.0","description":"COM_WEBLINKS_XML_DESCRIPTION","group":""}', '{"show_comp_description":"1","comp_description":"","show_link_hits":"1","show_link_description":"1","show_other_cats":"0","show_headings":"0","show_numbers":"0","show_report":"1","count_clicks":"1","target":"0","link_icons":""}', '', '', 0, '0000-00-00 00:00:00', 0, 0),
(22, 'com_content', 'component', 'com_content', '', 1, 1, 0, 1, '{"name":"com_content","type":"component","creationDate":"April 2006","author":"Joomla! Project","copyright":"(C) 2005 - 2013 Open Source Matters. All rights reserved.\\t","authorEmail":"admin@joomla.org","authorUrl":"www.joomla.org","version":"3.0.0","description":"COM_CONTENT_XML_DESCRIPTION","group":""}', '{"article_layout":"_:default","show_title":"0","link_titles":"1","show_intro":"1","info_block_position":"0","show_category":"0","link_category":"1","show_parent_category":"0","link_parent_category":"0","show_author":"0","link_author":"0","show_create_date":"0","show_modify_date":"0","show_publish_date":"0","show_item_navigation":"1","show_vote":"0","show_readmore":"1","show_readmore_title":"1","readmore_limit":"100","show_icons":"1","show_print_icon":"0","show_email_icon":"0","show_hits":"0","show_noauth":"0","urls_position":"0","show_publishing_options":"1","show_article_options":"1","show_urls_images_frontend":"0","show_urls_images_backend":"0","targeta":0,"targetb":0,"targetc":0,"float_intro":"right","float_fulltext":"right","category_layout":"_:blog","show_category_title":"0","show_description":"0","show_description_image":"0","maxLevel":"1","show_empty_categories":"0","show_no_articles":"1","show_subcat_desc":"1","show_cat_num_articles":"0","show_base_description":"1","maxLevelcat":"-1","show_empty_categories_cat":"0","show_subcat_desc_cat":"1","show_cat_num_articles_cat":"1","num_leading_articles":"1","num_intro_articles":"4","num_columns":"2","num_links":"4","multi_column_order":"0","show_subcategory_content":"0","show_pagination_limit":"1","filter_field":"hide","show_headings":"1","list_show_date":"0","date_format":"","list_show_hits":"1","list_show_author":"1","orderby_pri":"order","orderby_sec":"rdate","order_date":"published","show_pagination":"2","show_pagination_results":"1","show_feed_link":"1","feed_summary":"0","feed_show_readmore":"0"}', '', '', 0, '0000-00-00 00:00:00', 0, 0),
(23, 'com_config', 'component', 'com_config', '', 1, 1, 0, 1, '{"name":"com_config","type":"component","creationDate":"April 2006","author":"Joomla! Project","copyright":"(C) 2005 - 2013 Open Source Matters. All rights reserved.","authorEmail":"admin@joomla.org","authorUrl":"www.joomla.org","version":"3.0.0","description":"COM_CONFIG_XML_DESCRIPTION","group":""}', '{"filters":{"1":{"filter_type":"BL","filter_tags":"","filter_attributes":""},"6":{"filter_type":"BL","filter_tags":"","filter_attributes":""},"7":{"filter_type":"BL","filter_tags":"","filter_attributes":""},"2":{"filter_type":"BL","filter_tags":"","filter_attributes":""},"3":{"filter_type":"BL","filter_tags":"","filter_attributes":""},"4":{"filter_type":"BL","filter_tags":"","filter_attributes":""},"5":{"filter_type":"BL","filter_tags":"","filter_attributes":""},"8":{"filter_type":"BL","filter_tags":"","filter_attributes":""}}}', '', '', 0, '0000-00-00 00:00:00', 0, 0),
(24, 'com_redirect', 'component', 'com_redirect', '', 1, 1, 0, 1, '{"name":"com_redirect","type":"component","creationDate":"April 2006","author":"Joomla! Project","copyright":"(C) 2005 - 2013 Open Source Matters. All rights reserved.\\t","authorEmail":"admin@joomla.org","authorUrl":"www.joomla.org","version":"3.0.0","description":"COM_REDIRECT_XML_DESCRIPTION","group":""}', '{}', '', '', 0, '0000-00-00 00:00:00', 0, 0),
(25, 'com_users', 'component', 'com_users', '', 1, 1, 0, 1, '{"name":"com_users","type":"component","creationDate":"April 2006","author":"Joomla! Project","copyright":"(C) 2005 - 2013 Open Source Matters. All rights reserved.\\t","authorEmail":"admin@joomla.org","authorUrl":"www.joomla.org","version":"3.0.0","description":"COM_USERS_XML_DESCRIPTION","group":""}', '{"allowUserRegistration":"0","new_usertype":"2","guest_usergroup":"1","useractivation":"1","mail_to_admin":"0","captcha":"","frontend_userparams":"1","site_language":"0","mailSubjectPrefix":"","mailBodySuffix":""}', '', '', 0, '0000-00-00 00:00:00', 0, 0),
(29, 'com_tags', 'component', 'com_tags', '', 1, 1, 1, 1, '{"name":"com_tags","type":"component","creationDate":"December 2013","author":"Joomla! Project","copyright":"(C) 2005 - 2013 Open Source Matters. All rights reserved.","authorEmail":"admin@joomla.org","authorUrl":"www.joomla.org","version":"3.1.0","description":"COM_TAGS_XML_DESCRIPTION","group":""}', '{}', '', '', 0, '0000-00-00 00:00:00', 0, 0),
(100, 'PHPMailer', 'library', 'phpmailer', '', 0, 1, 1, 1, '{"name":"PHPMailer","type":"library","creationDate":"2001","author":"PHPMailer","copyright":"(c) 2001-2003, Brent R. Matzelle, (c) 2004-2009, Andy Prevost. All Rights Reserved., (c) 2010-2013, Jim Jagielski. All Rights Reserved.","authorEmail":"jimjag@gmail.com","authorUrl":"https:\\/\\/github.com\\/PHPMailer\\/PHPMailer","version":"5.2.6","description":"LIB_PHPMAILER_XML_DESCRIPTION","group":""}', '', '', '', 0, '0000-00-00 00:00:00', 0, 0),
(101, 'SimplePie', 'library', 'simplepie', '', 0, 1, 1, 1, '{"name":"SimplePie","type":"library","creationDate":"2004","author":"SimplePie","copyright":"Copyright (c) 2004-2009, Ryan Parman and Geoffrey Sneddon","authorEmail":"","authorUrl":"http:\\/\\/simplepie.org\\/","version":"1.2","description":"LIB_SIMPLEPIE_XML_DESCRIPTION","group":""}', '', '', '', 0, '0000-00-00 00:00:00', 0, 0),
(102, 'phputf8', 'library', 'phputf8', '', 0, 1, 1, 1, '{"name":"phputf8","type":"library","creationDate":"2006","author":"Harry Fuecks","copyright":"Copyright various authors","authorEmail":"hfuecks@gmail.com","authorUrl":"http:\\/\\/sourceforge.net\\/projects\\/phputf8","version":"0.5","description":"LIB_PHPUTF8_XML_DESCRIPTION","group":""}', '', '', '', 0, '0000-00-00 00:00:00', 0, 0),
(103, 'Joomla! Platform', 'library', 'joomla', '', 0, 1, 1, 1, '{"name":"Joomla! Platform","type":"library","creationDate":"2008","author":"Joomla! Project","copyright":"Copyright (C) 2005 - 2013 Open Source Matters. All rights reserved.","authorEmail":"admin@joomla.org","authorUrl":"http:\\/\\/www.joomla.org","version":"12.2","description":"LIB_JOOMLA_XML_DESCRIPTION","group":""}', '{}', '', '', 0, '0000-00-00 00:00:00', 0, 0),
(104, 'IDNA Convert', 'library', 'idna_convert', '', 0, 1, 1, 1, '{"name":"IDNA Convert","type":"library","creationDate":"2004","author":"phlyLabs","copyright":"2004-2011 phlyLabs Berlin, http:\\/\\/phlylabs.de","authorEmail":"phlymail@phlylabs.de","authorUrl":"http:\\/\\/phlylabs.de","version":"0.8.0","description":"LIB_IDNA_XML_DESCRIPTION","group":""}', '', '', '', 0, '0000-00-00 00:00:00', 0, 0),
(200, 'mod_articles_archive', 'module', 'mod_articles_archive', '', 0, 1, 1, 0, '{"name":"mod_articles_archive","type":"module","creationDate":"July 2006","author":"Joomla! Project","copyright":"Copyright (C) 2005 - 2013 Open Source Matters.\\n\\t\\tAll rights reserved.","authorEmail":"admin@joomla.org","authorUrl":"www.joomla.org","version":"3.0.0","description":"MOD_ARTICLES_ARCHIVE_XML_DESCRIPTION","group":""}', '', '', '', 0, '0000-00-00 00:00:00', 0, 0),
(201, 'mod_articles_latest', 'module', 'mod_articles_latest', '', 0, 1, 1, 0, '{"name":"mod_articles_latest","type":"module","creationDate":"July 2004","author":"Joomla! Project","copyright":"Copyright (C) 2005 - 2013 Open Source Matters. All rights reserved.","authorEmail":"admin@joomla.org","authorUrl":"www.joomla.org","version":"3.0.0","description":"MOD_LATEST_NEWS_XML_DESCRIPTION","group":""}', '', '', '', 0, '0000-00-00 00:00:00', 0, 0),
(202, 'mod_articles_popular', 'module', 'mod_articles_popular', '', 0, 1, 1, 0, '{"name":"mod_articles_popular","type":"module","creationDate":"July 2006","author":"Joomla! Project","copyright":"Copyright (C) 2005 - 2013 Open Source Matters. All rights reserved.","authorEmail":"admin@joomla.org","authorUrl":"www.joomla.org","version":"3.0.0","description":"MOD_POPULAR_XML_DESCRIPTION","group":""}', '', '', '', 0, '0000-00-00 00:00:00', 0, 0),
(203, 'mod_banners', 'module', 'mod_banners', '', 0, 1, 1, 0, '{"name":"mod_banners","type":"module","creationDate":"July 2006","author":"Joomla! Project","copyright":"Copyright (C) 2005 - 2013 Open Source Matters. All rights reserved.","authorEmail":"admin@joomla.org","authorUrl":"www.joomla.org","version":"3.0.0","description":"MOD_BANNERS_XML_DESCRIPTION","group":""}', '', '', '', 0, '0000-00-00 00:00:00', 0, 0),
(204, 'mod_breadcrumbs', 'module', 'mod_breadcrumbs', '', 0, 1, 1, 1, '{"name":"mod_breadcrumbs","type":"module","creationDate":"July 2006","author":"Joomla! Project","copyright":"Copyright (C) 2005 - 2013 Open Source Matters. All rights reserved.","authorEmail":"admin@joomla.org","authorUrl":"www.joomla.org","version":"3.0.0","description":"MOD_BREADCRUMBS_XML_DESCRIPTION","group":""}', '', '', '', 0, '0000-00-00 00:00:00', 0, 0),
(205, 'mod_custom', 'module', 'mod_custom', '', 0, 1, 1, 1, '{"name":"mod_custom","type":"module","creationDate":"July 2004","author":"Joomla! Project","copyright":"Copyright (C) 2005 - 2013 Open Source Matters. All rights reserved.","authorEmail":"admin@joomla.org","authorUrl":"www.joomla.org","version":"3.0.0","description":"MOD_CUSTOM_XML_DESCRIPTION","group":""}', '', '', '', 0, '0000-00-00 00:00:00', 0, 0),
(206, 'mod_feed', 'module', 'mod_feed', '', 0, 1, 1, 0, '{"name":"mod_feed","type":"module","creationDate":"July 2005","author":"Joomla! Project","copyright":"Copyright (C) 2005 - 2013 Open Source Matters. All rights reserved.","authorEmail":"admin@joomla.org","authorUrl":"www.joomla.org","version":"3.0.0","description":"MOD_FEED_XML_DESCRIPTION","group":""}', '', '', '', 0, '0000-00-00 00:00:00', 0, 0),
(207, 'mod_footer', 'module', 'mod_footer', '', 0, 1, 1, 0, '{"name":"mod_footer","type":"module","creationDate":"July 2006","author":"Joomla! Project","copyright":"Copyright (C) 2005 - 2013 Open Source Matters. All rights reserved.","authorEmail":"admin@joomla.org","authorUrl":"www.joomla.org","version":"3.0.0","description":"MOD_FOOTER_XML_DESCRIPTION","group":""}', '', '', '', 0, '0000-00-00 00:00:00', 0, 0),
(208, 'mod_login', 'module', 'mod_login', '', 0, 1, 1, 1, '{"name":"mod_login","type":"module","creationDate":"July 2006","author":"Joomla! Project","copyright":"Copyright (C) 2005 - 2013 Open Source Matters. All rights reserved.","authorEmail":"admin@joomla.org","authorUrl":"www.joomla.org","version":"3.0.0","description":"MOD_LOGIN_XML_DESCRIPTION","group":""}', '', '', '', 0, '0000-00-00 00:00:00', 0, 0),
(209, 'mod_menu', 'module', 'mod_menu', '', 0, 1, 1, 1, '{"name":"mod_menu","type":"module","creationDate":"July 2004","author":"Joomla! Project","copyright":"Copyright (C) 2005 - 2013 Open Source Matters. All rights reserved.","authorEmail":"admin@joomla.org","authorUrl":"www.joomla.org","version":"3.0.0","description":"MOD_MENU_XML_DESCRIPTION","group":""}', '', '', '', 0, '0000-00-00 00:00:00', 0, 0),
(210, 'mod_articles_news', 'module', 'mod_articles_news', '', 0, 1, 1, 0, '{"name":"mod_articles_news","type":"module","creationDate":"July 2006","author":"Joomla! Project","copyright":"Copyright (C) 2005 - 2013 Open Source Matters. All rights reserved.","authorEmail":"admin@joomla.org","authorUrl":"www.joomla.org","version":"3.0.0","description":"MOD_ARTICLES_NEWS_XML_DESCRIPTION","group":""}', '', '', '', 0, '0000-00-00 00:00:00', 0, 0),
(211, 'mod_random_image', 'module', 'mod_random_image', '', 0, 1, 1, 0, '{"name":"mod_random_image","type":"module","creationDate":"July 2006","author":"Joomla! Project","copyright":"Copyright (C) 2005 - 2013 Open Source Matters. All rights reserved.","authorEmail":"admin@joomla.org","authorUrl":"www.joomla.org","version":"3.0.0","description":"MOD_RANDOM_IMAGE_XML_DESCRIPTION","group":""}', '', '', '', 0, '0000-00-00 00:00:00', 0, 0),
(212, 'mod_related_items', 'module', 'mod_related_items', '', 0, 1, 1, 0, '{"name":"mod_related_items","type":"module","creationDate":"July 2004","author":"Joomla! Project","copyright":"Copyright (C) 2005 - 2013 Open Source Matters. All rights reserved.","authorEmail":"admin@joomla.org","authorUrl":"www.joomla.org","version":"3.0.0","description":"MOD_RELATED_XML_DESCRIPTION","group":""}', '', '', '', 0, '0000-00-00 00:00:00', 0, 0),
(213, 'mod_search', 'module', 'mod_search', '', 0, 1, 1, 0, '{"name":"mod_search","type":"module","creationDate":"July 2004","author":"Joomla! Project","copyright":"Copyright (C) 2005 - 2013 Open Source Matters. All rights reserved.","authorEmail":"admin@joomla.org","authorUrl":"www.joomla.org","version":"3.0.0","description":"MOD_SEARCH_XML_DESCRIPTION","group":""}', '', '', '', 0, '0000-00-00 00:00:00', 0, 0),
(214, 'mod_stats', 'module', 'mod_stats', '', 0, 1, 1, 0, '{"name":"mod_stats","type":"module","creationDate":"July 2004","author":"Joomla! Project","copyright":"Copyright (C) 2005 - 2013 Open Source Matters. All rights reserved.","authorEmail":"admin@joomla.org","authorUrl":"www.joomla.org","version":"3.0.0","description":"MOD_STATS_XML_DESCRIPTION","group":""}', '', '', '', 0, '0000-00-00 00:00:00', 0, 0),
(215, 'mod_syndicate', 'module', 'mod_syndicate', '', 0, 1, 1, 1, '{"name":"mod_syndicate","type":"module","creationDate":"May 2006","author":"Joomla! Project","copyright":"Copyright (C) 2005 - 2013 Open Source Matters. All rights reserved.","authorEmail":"admin@joomla.org","authorUrl":"www.joomla.org","version":"3.0.0","description":"MOD_SYNDICATE_XML_DESCRIPTION","group":""}', '', '', '', 0, '0000-00-00 00:00:00', 0, 0),
(216, 'mod_users_latest', 'module', 'mod_users_latest', '', 0, 1, 1, 0, '{"name":"mod_users_latest","type":"module","creationDate":"December 2009","author":"Joomla! Project","copyright":"Copyright (C) 2005 - 2013 Open Source Matters. All rights reserved.","authorEmail":"admin@joomla.org","authorUrl":"www.joomla.org","version":"3.0.0","description":"MOD_USERS_LATEST_XML_DESCRIPTION","group":""}', '', '', '', 0, '0000-00-00 00:00:00', 0, 0),
(217, 'mod_weblinks', 'module', 'mod_weblinks', '', 0, 1, 1, 0, '{"name":"mod_weblinks","type":"module","creationDate":"July 2009","author":"Joomla! Project","copyright":"Copyright (C) 2005 - 2013 Open Source Matters. All rights reserved.","authorEmail":"admin@joomla.org","authorUrl":"www.joomla.org","version":"3.0.0","description":"MOD_WEBLINKS_XML_DESCRIPTION","group":""}', '', '', '', 0, '0000-00-00 00:00:00', 0, 0),
(218, 'mod_whosonline', 'module', 'mod_whosonline', '', 0, 1, 1, 0, '{"name":"mod_whosonline","type":"module","creationDate":"July 2004","author":"Joomla! Project","copyright":"Copyright (C) 2005 - 2013 Open Source Matters. All rights reserved.","authorEmail":"admin@joomla.org","authorUrl":"www.joomla.org","version":"3.0.0","description":"MOD_WHOSONLINE_XML_DESCRIPTION","group":""}', '', '', '', 0, '0000-00-00 00:00:00', 0, 0),
(219, 'mod_wrapper', 'module', 'mod_wrapper', '', 0, 1, 1, 0, '{"name":"mod_wrapper","type":"module","creationDate":"October 2004","author":"Joomla! Project","copyright":"Copyright (C) 2005 - 2013 Open Source Matters. All rights reserved.","authorEmail":"admin@joomla.org","authorUrl":"www.joomla.org","version":"3.0.0","description":"MOD_WRAPPER_XML_DESCRIPTION","group":""}', '', '', '', 0, '0000-00-00 00:00:00', 0, 0),
(220, 'mod_articles_category', 'module', 'mod_articles_category', '', 0, 1, 1, 0, '{"name":"mod_articles_category","type":"module","creationDate":"February 2010","author":"Joomla! Project","copyright":"Copyright (C) 2005 - 2013 Open Source Matters. All rights reserved.","authorEmail":"admin@joomla.org","authorUrl":"www.joomla.org","version":"3.0.0","description":"MOD_ARTICLES_CATEGORY_XML_DESCRIPTION","group":""}', '', '', '', 0, '0000-00-00 00:00:00', 0, 0),
(221, 'mod_articles_categories', 'module', 'mod_articles_categories', '', 0, 1, 1, 0, '{"name":"mod_articles_categories","type":"module","creationDate":"February 2010","author":"Joomla! Project","copyright":"Copyright (C) 2005 - 2013 Open Source Matters. All rights reserved.","authorEmail":"admin@joomla.org","authorUrl":"www.joomla.org","version":"3.0.0","description":"MOD_ARTICLES_CATEGORIES_XML_DESCRIPTION","group":""}', '', '', '', 0, '0000-00-00 00:00:00', 0, 0),
(222, 'mod_languages', 'module', 'mod_languages', '', 0, 1, 1, 1, '{"name":"mod_languages","type":"module","creationDate":"February 2010","author":"Joomla! Project","copyright":"Copyright (C) 2005 - 2013 Open Source Matters. All rights reserved.","authorEmail":"admin@joomla.org","authorUrl":"www.joomla.org","version":"3.0.0","description":"MOD_LANGUAGES_XML_DESCRIPTION","group":""}', '', '', '', 0, '0000-00-00 00:00:00', 0, 0),
(300, 'mod_custom', 'module', 'mod_custom', '', 1, 1, 1, 1, '{"name":"mod_custom","type":"module","creationDate":"July 2004","author":"Joomla! Project","copyright":"Copyright (C) 2005 - 2013 Open Source Matters. All rights reserved.","authorEmail":"admin@joomla.org","authorUrl":"www.joomla.org","version":"3.0.0","description":"MOD_CUSTOM_XML_DESCRIPTION","group":""}', '', '', '', 0, '0000-00-00 00:00:00', 0, 0),
(301, 'mod_feed', 'module', 'mod_feed', '', 1, 1, 1, 0, '{"name":"mod_feed","type":"module","creationDate":"July 2005","author":"Joomla! Project","copyright":"Copyright (C) 2005 - 2013 Open Source Matters. All rights reserved.","authorEmail":"admin@joomla.org","authorUrl":"www.joomla.org","version":"3.0.0","description":"MOD_FEED_XML_DESCRIPTION","group":""}', '', '', '', 0, '0000-00-00 00:00:00', 0, 0),
(302, 'mod_latest', 'module', 'mod_latest', '', 1, 1, 1, 0, '{"name":"mod_latest","type":"module","creationDate":"July 2004","author":"Joomla! Project","copyright":"Copyright (C) 2005 - 2013 Open Source Matters. All rights reserved.","authorEmail":"admin@joomla.org","authorUrl":"www.joomla.org","version":"3.0.0","description":"MOD_LATEST_XML_DESCRIPTION","group":""}', '', '', '', 0, '0000-00-00 00:00:00', 0, 0),
(303, 'mod_logged', 'module', 'mod_logged', '', 1, 1, 1, 0, '{"name":"mod_logged","type":"module","creationDate":"January 2005","author":"Joomla! Project","copyright":"Copyright (C) 2005 - 2013 Open Source Matters. All rights reserved.","authorEmail":"admin@joomla.org","authorUrl":"www.joomla.org","version":"3.0.0","description":"MOD_LOGGED_XML_DESCRIPTION","group":""}', '', '', '', 0, '0000-00-00 00:00:00', 0, 0),
(304, 'mod_login', 'module', 'mod_login', '', 1, 1, 1, 1, '{"name":"mod_login","type":"module","creationDate":"March 2005","author":"Joomla! Project","copyright":"Copyright (C) 2005 - 2013 Open Source Matters. All rights reserved.","authorEmail":"admin@joomla.org","authorUrl":"www.joomla.org","version":"3.0.0","description":"MOD_LOGIN_XML_DESCRIPTION","group":""}', '', '', '', 0, '0000-00-00 00:00:00', 0, 0),
(305, 'mod_menu', 'module', 'mod_menu', '', 1, 1, 1, 0, '{"name":"mod_menu","type":"module","creationDate":"March 2006","author":"Joomla! Project","copyright":"Copyright (C) 2005 - 2013 Open Source Matters. All rights reserved.","authorEmail":"admin@joomla.org","authorUrl":"www.joomla.org","version":"3.0.0","description":"MOD_MENU_XML_DESCRIPTION","group":""}', '', '', '', 0, '0000-00-00 00:00:00', 0, 0),
(307, 'mod_popular', 'module', 'mod_popular', '', 1, 1, 1, 0, '{"name":"mod_popular","type":"module","creationDate":"July 2004","author":"Joomla! Project","copyright":"Copyright (C) 2005 - 2013 Open Source Matters. All rights reserved.","authorEmail":"admin@joomla.org","authorUrl":"www.joomla.org","version":"3.0.0","description":"MOD_POPULAR_XML_DESCRIPTION","group":""}', '', '', '', 0, '0000-00-00 00:00:00', 0, 0),
(308, 'mod_quickicon', 'module', 'mod_quickicon', '', 1, 1, 1, 1, '{"name":"mod_quickicon","type":"module","creationDate":"Nov 2005","author":"Joomla! Project","copyright":"Copyright (C) 2005 - 2013 Open Source Matters. All rights reserved.","authorEmail":"admin@joomla.org","authorUrl":"www.joomla.org","version":"3.0.0","description":"MOD_QUICKICON_XML_DESCRIPTION","group":""}', '', '', '', 0, '0000-00-00 00:00:00', 0, 0),
(309, 'mod_status', 'module', 'mod_status', '', 1, 1, 1, 0, '{"name":"mod_status","type":"module","creationDate":"Feb 2006","author":"Joomla! Project","copyright":"(C) 2005 - 2013 Open Source Matters. All rights reserved.","authorEmail":"admin@joomla.org","authorUrl":"www.joomla.org","version":"3.0.0","description":"MOD_STATUS_XML_DESCRIPTION","group":""}', '', '', '', 0, '0000-00-00 00:00:00', 0, 0),
(310, 'mod_submenu', 'module', 'mod_submenu', '', 1, 1, 1, 0, '{"name":"mod_submenu","type":"module","creationDate":"Feb 2006","author":"Joomla! Project","copyright":"Copyright (C) 2005 - 2013 Open Source Matters. All rights reserved.","authorEmail":"admin@joomla.org","authorUrl":"www.joomla.org","version":"3.0.0","description":"MOD_SUBMENU_XML_DESCRIPTION","group":""}', '', '', '', 0, '0000-00-00 00:00:00', 0, 0),
(311, 'mod_title', 'module', 'mod_title', '', 1, 1, 1, 0, '{"name":"mod_title","type":"module","creationDate":"Nov 2005","author":"Joomla! Project","copyright":"Copyright (C) 2005 - 2013 Open Source Matters. All rights reserved.","authorEmail":"admin@joomla.org","authorUrl":"www.joomla.org","version":"3.0.0","description":"MOD_TITLE_XML_DESCRIPTION","group":""}', '', '', '', 0, '0000-00-00 00:00:00', 0, 0),
(312, 'mod_toolbar', 'module', 'mod_toolbar', '', 1, 1, 1, 1, '{"name":"mod_toolbar","type":"module","creationDate":"Nov 2005","author":"Joomla! Project","copyright":"Copyright (C) 2005 - 2013 Open Source Matters. All rights reserved.","authorEmail":"admin@joomla.org","authorUrl":"www.joomla.org","version":"3.0.0","description":"MOD_TOOLBAR_XML_DESCRIPTION","group":""}', '', '', '', 0, '0000-00-00 00:00:00', 0, 0),
(313, 'mod_multilangstatus', 'module', 'mod_multilangstatus', '', 1, 1, 1, 0, '{"name":"mod_multilangstatus","type":"module","creationDate":"September 2011","author":"Joomla! Project","copyright":"Copyright (C) 2005 - 2013 Open Source Matters. All rights reserved.","authorEmail":"admin@joomla.org","authorUrl":"www.joomla.org","version":"3.0.0","description":"MOD_MULTILANGSTATUS_XML_DESCRIPTION","group":""}', '{"cache":"0"}', '', '', 0, '0000-00-00 00:00:00', 0, 0),
(315, 'mod_stats_admin', 'module', 'mod_stats_admin', '', 1, 1, 1, 0, '{"name":"mod_stats_admin","type":"module","creationDate":"July 2004","author":"Joomla! Project","copyright":"Copyright (C) 2005 - 2013 Open Source Matters. All rights reserved.","authorEmail":"admin@joomla.org","authorUrl":"www.joomla.org","version":"3.0.0","description":"MOD_STATS_XML_DESCRIPTION","group":""}', '{"serverinfo":"0","siteinfo":"0","counter":"0","increase":"0","cache":"1","cache_time":"900","cachemode":"static"}', '', '', 0, '0000-00-00 00:00:00', 0, 0),
(316, 'mod_tags_popular', 'module', 'mod_tags_popular', '', 0, 1, 1, 0, '{"name":"mod_tags_popular","type":"module","creationDate":"January 2013","author":"Joomla! Project","copyright":"Copyright (C) 2005 - 2013 Open Source Matters. All rights reserved.","authorEmail":"admin@joomla.org","authorUrl":"www.joomla.org","version":"3.1.0","description":"MOD_TAGS_POPULAR_XML_DESCRIPTION","group":""}', '{"maximum":"5","timeframe":"alltime","owncache":"1"}', '', '', 0, '0000-00-00 00:00:00', 0, 0),
(317, 'mod_tags_similar', 'module', 'mod_tags_similar', '', 0, 1, 1, 0, '{"name":"mod_tags_similar","type":"module","creationDate":"January 2013","author":"Joomla! Project","copyright":"Copyright (C) 2005 - 2013 Open Source Matters. All rights reserved.","authorEmail":"admin@joomla.org","authorUrl":"www.joomla.org","version":"3.1.0","description":"MOD_TAGS_SIMILAR_XML_DESCRIPTION","group":""}', '{"maximum":"5","matchtype":"any","owncache":"1"}', '', '', 0, '0000-00-00 00:00:00', 0, 0),
(400, 'plg_authentication_gmail', 'plugin', 'gmail', 'authentication', 0, 0, 1, 0, '{"name":"plg_authentication_gmail","type":"plugin","creationDate":"February 2006","author":"Joomla! Project","copyright":"Copyright (C) 2005 - 2013 Open Source Matters. All rights reserved.","authorEmail":"admin@joomla.org","authorUrl":"www.joomla.org","version":"3.0.0","description":"PLG_GMAIL_XML_DESCRIPTION","group":""}', '{"applysuffix":"0","suffix":"","verifypeer":"1","user_blacklist":""}', '', '', 0, '0000-00-00 00:00:00', 1, 0),
(401, 'plg_authentication_joomla', 'plugin', 'joomla', 'authentication', 0, 1, 1, 1, '{"name":"plg_authentication_joomla","type":"plugin","creationDate":"November 2005","author":"Joomla! Project","copyright":"Copyright (C) 2005 - 2013 Open Source Matters. All rights reserved.","authorEmail":"admin@joomla.org","authorUrl":"www.joomla.org","version":"3.0.0","description":"PLG_AUTH_JOOMLA_XML_DESCRIPTION","group":""}', '{}', '', '', 0, '0000-00-00 00:00:00', 0, 0),
(402, 'plg_authentication_ldap', 'plugin', 'ldap', 'authentication', 0, 0, 1, 0, '{"name":"plg_authentication_ldap","type":"plugin","creationDate":"November 2005","author":"Joomla! Project","copyright":"Copyright (C) 2005 - 2013 Open Source Matters. All rights reserved.","authorEmail":"admin@joomla.org","authorUrl":"www.joomla.org","version":"3.0.0","description":"PLG_LDAP_XML_DESCRIPTION","group":""}', '{"host":"","port":"389","use_ldapV3":"0","negotiate_tls":"0","no_referrals":"0","auth_method":"bind","base_dn":"","search_string":"","users_dn":"","username":"admin","password":"bobby7","ldap_fullname":"fullName","ldap_email":"mail","ldap_uid":"uid"}', '', '', 0, '0000-00-00 00:00:00', 3, 0),
(404, 'plg_content_emailcloak', 'plugin', 'emailcloak', 'content', 0, 1, 1, 0, '{"name":"plg_content_emailcloak","type":"plugin","creationDate":"November 2005","author":"Joomla! Project","copyright":"Copyright (C) 2005 - 2013 Open Source Matters. All rights reserved.","authorEmail":"admin@joomla.org","authorUrl":"www.joomla.org","version":"3.0.0","description":"PLG_CONTENT_EMAILCLOAK_XML_DESCRIPTION","group":""}', '{"mode":"1"}', '', '', 0, '0000-00-00 00:00:00', 1, 0),
(405, 'plg_content_geshi', 'plugin', 'geshi', 'content', 0, 0, 1, 0, '{"name":"plg_content_geshi","type":"plugin","creationDate":"November 2005","author":"Joomla! Project","copyright":"Copyright (C) 2005 - 2013 Open Source Matters. All rights reserved.","authorEmail":"","authorUrl":"qbnz.com\\/highlighter","version":"3.0.0","description":"PLG_CONTENT_GESHI_XML_DESCRIPTION","group":""}', '{}', '', '', 0, '0000-00-00 00:00:00', 2, 0),
(406, 'plg_content_loadmodule', 'plugin', 'loadmodule', 'content', 0, 1, 1, 0, '{"name":"plg_content_loadmodule","type":"plugin","creationDate":"November 2005","author":"Joomla! Project","copyright":"Copyright (C) 2005 - 2013 Open Source Matters. All rights reserved.","authorEmail":"admin@joomla.org","authorUrl":"www.joomla.org","version":"3.0.0","description":"PLG_LOADMODULE_XML_DESCRIPTION","group":""}', '{"style":"xhtml"}', '', '', 0, '2011-09-18 15:22:50', 0, 0),
(407, 'plg_content_pagebreak', 'plugin', 'pagebreak', 'content', 0, 1, 1, 0, '{"name":"plg_content_pagebreak","type":"plugin","creationDate":"November 2005","author":"Joomla! Project","copyright":"Copyright (C) 2005 - 2013 Open Source Matters. All rights reserved.","authorEmail":"admin@joomla.org","authorUrl":"www.joomla.org","version":"3.0.0","description":"PLG_CONTENT_PAGEBREAK_XML_DESCRIPTION","group":""}', '{"title":"1","multipage_toc":"1","showall":"1"}', '', '', 0, '0000-00-00 00:00:00', 4, 0),
(408, 'plg_content_pagenavigation', 'plugin', 'pagenavigation', 'content', 0, 1, 1, 0, '{"name":"plg_content_pagenavigation","type":"plugin","creationDate":"January 2006","author":"Joomla! Project","copyright":"Copyright (C) 2005 - 2013 Open Source Matters. All rights reserved.","authorEmail":"admin@joomla.org","authorUrl":"www.joomla.org","version":"3.0.0","description":"PLG_PAGENAVIGATION_XML_DESCRIPTION","group":""}', '{"position":"1"}', '', '', 0, '0000-00-00 00:00:00', 5, 0),
(409, 'plg_content_vote', 'plugin', 'vote', 'content', 0, 1, 1, 0, '{"name":"plg_content_vote","type":"plugin","creationDate":"November 2005","author":"Joomla! Project","copyright":"Copyright (C) 2005 - 2013 Open Source Matters. All rights reserved.","authorEmail":"admin@joomla.org","authorUrl":"www.joomla.org","version":"3.0.0","description":"PLG_VOTE_XML_DESCRIPTION","group":""}', '{}', '', '', 0, '0000-00-00 00:00:00', 6, 0),
(410, 'plg_editors_codemirror', 'plugin', 'codemirror', 'editors', 0, 1, 1, 1, '{"name":"plg_editors_codemirror","type":"plugin","creationDate":"28 March 2011","author":"Marijn Haverbeke","copyright":"","authorEmail":"N\\/A","authorUrl":"","version":"1.0","description":"PLG_CODEMIRROR_XML_DESCRIPTION","group":""}', '{"linenumbers":"0","tabmode":"indent"}', '', '', 0, '0000-00-00 00:00:00', 1, 0),
(411, 'plg_editors_none', 'plugin', 'none', 'editors', 0, 1, 1, 1, '{"name":"plg_editors_none","type":"plugin","creationDate":"August 2004","author":"Unknown","copyright":"","authorEmail":"N\\/A","authorUrl":"","version":"3.0.0","description":"PLG_NONE_XML_DESCRIPTION","group":""}', '{}', '', '', 0, '0000-00-00 00:00:00', 2, 0),
(412, 'plg_editors_tinymce', 'plugin', 'tinymce', 'editors', 0, 1, 1, 0, '{"name":"plg_editors_tinymce","type":"plugin","creationDate":"2005-2012","author":"Moxiecode Systems AB","copyright":"Moxiecode Systems AB","authorEmail":"N\\/A","authorUrl":"tinymce.moxiecode.com\\/","version":"3.5.6","description":"PLG_TINY_XML_DESCRIPTION","group":""}', '{"mode":"0","skin":"0","entity_encoding":"raw","lang_mode":"1","lang_code":"en","text_direction":"ltr","content_css":"1","content_css_custom":"","relative_urls":"1","newlines":"0","invalid_elements":"script,applet,iframe","extended_elements":"","toolbar":"top","toolbar_align":"left","html_height":"550","html_width":"750","resizing":"false","resize_horizontal":"false","element_path":"0","fonts":"0","paste":"0","searchreplace":"0","insertdate":"0","format_date":"%Y-%m-%d","inserttime":"0","format_time":"%H:%M:%S","colors":"0","table":"0","smilies":"0","media":"1","hr":"0","directionality":"0","fullscreen":"0","style":"0","layer":"0","xhtmlxtras":"0","visualchars":"0","nonbreaking":"0","template":"0","blockquote":"0","wordcount":"0","advimage":"1","advlink":"0","advlist":"0","autosave":"1","contextmenu":"0","inlinepopups":"0","custom_plugin":"","custom_button":""}', '', '', 0, '0000-00-00 00:00:00', 3, 0),
(413, 'plg_editors-xtd_article', 'plugin', 'article', 'editors-xtd', 0, 1, 1, 1, '{"name":"plg_editors-xtd_article","type":"plugin","creationDate":"October 2009","author":"Joomla! Project","copyright":"Copyright (C) 2005 - 2013 Open Source Matters. All rights reserved.","authorEmail":"admin@joomla.org","authorUrl":"www.joomla.org","version":"3.0.0","description":"PLG_ARTICLE_XML_DESCRIPTION","group":""}', '{}', '', '', 0, '0000-00-00 00:00:00', 1, 0),
(414, 'plg_editors-xtd_image', 'plugin', 'image', 'editors-xtd', 0, 1, 1, 0, '{"name":"plg_editors-xtd_image","type":"plugin","creationDate":"August 2004","author":"Joomla! Project","copyright":"Copyright (C) 2005 - 2013 Open Source Matters. All rights reserved.","authorEmail":"admin@joomla.org","authorUrl":"www.joomla.org","version":"3.0.0","description":"PLG_IMAGE_XML_DESCRIPTION","group":""}', '{}', '', '', 0, '0000-00-00 00:00:00', 2, 0),
(415, 'plg_editors-xtd_pagebreak', 'plugin', 'pagebreak', 'editors-xtd', 0, 1, 1, 0, '{"name":"plg_editors-xtd_pagebreak","type":"plugin","creationDate":"August 2004","author":"Joomla! Project","copyright":"Copyright (C) 2005 - 2013 Open Source Matters. All rights reserved.","authorEmail":"admin@joomla.org","authorUrl":"www.joomla.org","version":"3.0.0","description":"PLG_EDITORSXTD_PAGEBREAK_XML_DESCRIPTION","group":""}', '{}', '', '', 0, '0000-00-00 00:00:00', 3, 0),
(416, 'plg_editors-xtd_readmore', 'plugin', 'readmore', 'editors-xtd', 0, 1, 1, 0, '{"name":"plg_editors-xtd_readmore","type":"plugin","creationDate":"March 2006","author":"Joomla! Project","copyright":"Copyright (C) 2005 - 2013 Open Source Matters. All rights reserved.","authorEmail":"admin@joomla.org","authorUrl":"www.joomla.org","version":"3.0.0","description":"PLG_READMORE_XML_DESCRIPTION","group":""}', '{}', '', '', 0, '0000-00-00 00:00:00', 4, 0),
(417, 'plg_search_categories', 'plugin', 'categories', 'search', 0, 1, 1, 0, '{"name":"plg_search_categories","type":"plugin","creationDate":"November 2005","author":"Joomla! Project","copyright":"Copyright (C) 2005 - 2013 Open Source Matters. All rights reserved.","authorEmail":"admin@joomla.org","authorUrl":"www.joomla.org","version":"3.0.0","description":"PLG_SEARCH_CATEGORIES_XML_DESCRIPTION","group":""}', '{"search_limit":"50","search_content":"1","search_archived":"1"}', '', '', 0, '0000-00-00 00:00:00', 0, 0),
(418, 'plg_search_contacts', 'plugin', 'contacts', 'search', 0, 1, 1, 0, '{"name":"plg_search_contacts","type":"plugin","creationDate":"November 2005","author":"Joomla! Project","copyright":"Copyright (C) 2005 - 2013 Open Source Matters. All rights reserved.","authorEmail":"admin@joomla.org","authorUrl":"www.joomla.org","version":"3.0.0","description":"PLG_SEARCH_CONTACTS_XML_DESCRIPTION","group":""}', '{"search_limit":"50","search_content":"1","search_archived":"1"}', '', '', 0, '0000-00-00 00:00:00', 0, 0),
(419, 'plg_search_content', 'plugin', 'content', 'search', 0, 1, 1, 0, '{"name":"plg_search_content","type":"plugin","creationDate":"November 2005","author":"Joomla! Project","copyright":"Copyright (C) 2005 - 2013 Open Source Matters. All rights reserved.","authorEmail":"admin@joomla.org","authorUrl":"www.joomla.org","version":"3.0.0","description":"PLG_SEARCH_CONTENT_XML_DESCRIPTION","group":""}', '{"search_limit":"50","search_content":"1","search_archived":"1"}', '', '', 0, '0000-00-00 00:00:00', 0, 0),
(420, 'plg_search_newsfeeds', 'plugin', 'newsfeeds', 'search', 0, 1, 1, 0, '{"name":"plg_search_newsfeeds","type":"plugin","creationDate":"November 2005","author":"Joomla! Project","copyright":"Copyright (C) 2005 - 2013 Open Source Matters. All rights reserved.","authorEmail":"admin@joomla.org","authorUrl":"www.joomla.org","version":"3.0.0","description":"PLG_SEARCH_NEWSFEEDS_XML_DESCRIPTION","group":""}', '{"search_limit":"50","search_content":"1","search_archived":"1"}', '', '', 0, '0000-00-00 00:00:00', 0, 0),
(421, 'plg_search_weblinks', 'plugin', 'weblinks', 'search', 0, 1, 1, 0, '{"name":"plg_search_weblinks","type":"plugin","creationDate":"November 2005","author":"Joomla! Project","copyright":"Copyright (C) 2005 - 2013 Open Source Matters. All rights reserved.","authorEmail":"admin@joomla.org","authorUrl":"www.joomla.org","version":"3.0.0","description":"PLG_SEARCH_WEBLINKS_XML_DESCRIPTION","group":""}', '{"search_limit":"50","search_content":"1","search_archived":"1"}', '', '', 0, '0000-00-00 00:00:00', 0, 0),
(422, 'plg_system_languagefilter', 'plugin', 'languagefilter', 'system', 0, 0, 1, 1, '{"name":"plg_system_languagefilter","type":"plugin","creationDate":"July 2010","author":"Joomla! Project","copyright":"Copyright (C) 2005 - 2013 Open Source Matters. All rights reserved.","authorEmail":"admin@joomla.org","authorUrl":"www.joomla.org","version":"3.0.0","description":"PLG_SYSTEM_LANGUAGEFILTER_XML_DESCRIPTION","group":""}', '{}', '', '', 0, '0000-00-00 00:00:00', 1, 0),
(423, 'plg_system_p3p', 'plugin', 'p3p', 'system', 0, 1, 1, 0, '{"name":"plg_system_p3p","type":"plugin","creationDate":"September 2010","author":"Joomla! Project","copyright":"Copyright (C) 2005 - 2013 Open Source Matters. All rights reserved.","authorEmail":"admin@joomla.org","authorUrl":"www.joomla.org","version":"3.0.0","description":"PLG_P3P_XML_DESCRIPTION","group":""}', '{"headers":"NOI ADM DEV PSAi COM NAV OUR OTRo STP IND DEM"}', '', '', 0, '0000-00-00 00:00:00', 2, 0),
(424, 'plg_system_cache', 'plugin', 'cache', 'system', 0, 0, 1, 1, '{"name":"plg_system_cache","type":"plugin","creationDate":"February 2007","author":"Joomla! Project","copyright":"Copyright (C) 2005 - 2013 Open Source Matters. All rights reserved.","authorEmail":"admin@joomla.org","authorUrl":"www.joomla.org","version":"3.0.0","description":"PLG_CACHE_XML_DESCRIPTION","group":""}', '{"browsercache":"0","cachetime":"15"}', '', '', 0, '0000-00-00 00:00:00', 9, 0),
(425, 'plg_system_debug', 'plugin', 'debug', 'system', 0, 1, 1, 0, '{"name":"plg_system_debug","type":"plugin","creationDate":"December 2006","author":"Joomla! Project","copyright":"Copyright (C) 2005 - 2013 Open Source Matters. All rights reserved.","authorEmail":"admin@joomla.org","authorUrl":"www.joomla.org","version":"3.0.0","description":"PLG_DEBUG_XML_DESCRIPTION","group":""}', '{"profile":"1","queries":"1","memory":"1","language_files":"1","language_strings":"1","strip-first":"1","strip-prefix":"","strip-suffix":""}', '', '', 0, '0000-00-00 00:00:00', 4, 0),
(426, 'plg_system_log', 'plugin', 'log', 'system', 0, 1, 1, 1, '{"name":"plg_system_log","type":"plugin","creationDate":"April 2007","author":"Joomla! Project","copyright":"Copyright (C) 2005 - 2013 Open Source Matters. All rights reserved.","authorEmail":"admin@joomla.org","authorUrl":"www.joomla.org","version":"3.0.0","description":"PLG_LOG_XML_DESCRIPTION","group":""}', '{}', '', '', 0, '0000-00-00 00:00:00', 5, 0),
(427, 'plg_system_redirect', 'plugin', 'redirect', 'system', 0, 1, 1, 1, '{"name":"plg_system_redirect","type":"plugin","creationDate":"April 2009","author":"Joomla! Project","copyright":"Copyright (C) 2005 - 2013 Open Source Matters. All rights reserved.","authorEmail":"admin@joomla.org","authorUrl":"www.joomla.org","version":"3.0.0","description":"PLG_REDIRECT_XML_DESCRIPTION","group":""}', '{}', '', '', 0, '0000-00-00 00:00:00', 6, 0),
(428, 'plg_system_remember', 'plugin', 'remember', 'system', 0, 1, 1, 1, '{"name":"plg_system_remember","type":"plugin","creationDate":"April 2007","author":"Joomla! Project","copyright":"Copyright (C) 2005 - 2013 Open Source Matters. All rights reserved.","authorEmail":"admin@joomla.org","authorUrl":"www.joomla.org","version":"3.0.0","description":"PLG_REMEMBER_XML_DESCRIPTION","group":""}', '{}', '', '', 0, '0000-00-00 00:00:00', 7, 0),
(429, 'plg_system_sef', 'plugin', 'sef', 'system', 0, 1, 1, 0, '{"name":"plg_system_sef","type":"plugin","creationDate":"December 2007","author":"Joomla! Project","copyright":"Copyright (C) 2005 - 2013 Open Source Matters. All rights reserved.","authorEmail":"admin@joomla.org","authorUrl":"www.joomla.org","version":"3.0.0","description":"PLG_SEF_XML_DESCRIPTION","group":""}', '{}', '', '', 0, '0000-00-00 00:00:00', 8, 0),
(430, 'plg_system_logout', 'plugin', 'logout', 'system', 0, 1, 1, 1, '{"name":"plg_system_logout","type":"plugin","creationDate":"April 2009","author":"Joomla! Project","copyright":"Copyright (C) 2005 - 2013 Open Source Matters. All rights reserved.","authorEmail":"admin@joomla.org","authorUrl":"www.joomla.org","version":"3.0.0","description":"PLG_SYSTEM_LOGOUT_XML_DESCRIPTION","group":""}', '{}', '', '', 0, '0000-00-00 00:00:00', 3, 0);
INSERT INTO `lehr_extensions` (`extension_id`, `name`, `type`, `element`, `folder`, `client_id`, `enabled`, `access`, `protected`, `manifest_cache`, `params`, `custom_data`, `system_data`, `checked_out`, `checked_out_time`, `ordering`, `state`) VALUES
(431, 'plg_user_contactcreator', 'plugin', 'contactcreator', 'user', 0, 0, 1, 0, '{"name":"plg_user_contactcreator","type":"plugin","creationDate":"August 2009","author":"Joomla! Project","copyright":"(C) 2005 - 2013 Open Source Matters. All rights reserved.","authorEmail":"admin@joomla.org","authorUrl":"www.joomla.org","version":"3.0.0","description":"PLG_CONTACTCREATOR_XML_DESCRIPTION","group":""}', '{"autowebpage":"","category":"34","autopublish":"0"}', '', '', 0, '0000-00-00 00:00:00', 1, 0),
(432, 'plg_user_joomla', 'plugin', 'joomla', 'user', 0, 1, 1, 0, '{"name":"plg_user_joomla","type":"plugin","creationDate":"December 2006","author":"Joomla! Project","copyright":"(C) 2005 - 2009 Open Source Matters. All rights reserved.","authorEmail":"admin@joomla.org","authorUrl":"www.joomla.org","version":"3.0.0","description":"PLG_USER_JOOMLA_XML_DESCRIPTION","group":""}', '{"autoregister":"1"}', '', '', 0, '0000-00-00 00:00:00', 2, 0),
(433, 'plg_user_profile', 'plugin', 'profile', 'user', 0, 0, 1, 0, '{"name":"plg_user_profile","type":"plugin","creationDate":"January 2008","author":"Joomla! Project","copyright":"(C) 2005 - 2013 Open Source Matters. All rights reserved.","authorEmail":"admin@joomla.org","authorUrl":"www.joomla.org","version":"3.0.0","description":"PLG_USER_PROFILE_XML_DESCRIPTION","group":""}', '{"register-require_address1":"1","register-require_address2":"1","register-require_city":"1","register-require_region":"1","register-require_country":"1","register-require_postal_code":"1","register-require_phone":"1","register-require_website":"1","register-require_favoritebook":"1","register-require_aboutme":"1","register-require_tos":"1","register-require_dob":"1","profile-require_address1":"1","profile-require_address2":"1","profile-require_city":"1","profile-require_region":"1","profile-require_country":"1","profile-require_postal_code":"1","profile-require_phone":"1","profile-require_website":"1","profile-require_favoritebook":"1","profile-require_aboutme":"1","profile-require_tos":"1","profile-require_dob":"1"}', '', '', 0, '0000-00-00 00:00:00', 0, 0),
(434, 'plg_extension_joomla', 'plugin', 'joomla', 'extension', 0, 1, 1, 1, '{"name":"plg_extension_joomla","type":"plugin","creationDate":"May 2010","author":"Joomla! Project","copyright":"Copyright (C) 2005 - 2013 Open Source Matters. All rights reserved.","authorEmail":"admin@joomla.org","authorUrl":"www.joomla.org","version":"3.0.0","description":"PLG_EXTENSION_JOOMLA_XML_DESCRIPTION","group":""}', '{}', '', '', 0, '0000-00-00 00:00:00', 1, 0),
(435, 'plg_content_joomla', 'plugin', 'joomla', 'content', 0, 1, 1, 0, '{"name":"plg_content_joomla","type":"plugin","creationDate":"November 2010","author":"Joomla! Project","copyright":"Copyright (C) 2005 - 2013 Open Source Matters. All rights reserved.","authorEmail":"admin@joomla.org","authorUrl":"www.joomla.org","version":"3.0.0","description":"PLG_CONTENT_JOOMLA_XML_DESCRIPTION","group":""}', '{}', '', '', 0, '0000-00-00 00:00:00', 0, 0),
(447, 'plg_finder_tags', 'plugin', 'tags', 'finder', 0, 1, 1, 0, '{"name":"plg_finder_tags","type":"plugin","creationDate":"February 2013","author":"Joomla! Project","copyright":"(C) 2005 - 2013 Open Source Matters. All rights reserved.","authorEmail":"admin@joomla.org","authorUrl":"www.joomla.org","version":"3.0.0","description":"PLG_FINDER_TAGS_XML_DESCRIPTION","group":""}', '{}', '', '', 0, '0000-00-00 00:00:00', 0, 0),
(500, 'atomic', 'template', 'atomic', '', 0, 1, 1, 0, '{"legacy":false,"name":"atomic","type":"template","creationDate":"10\\/10\\/09","author":"Ron Severdia","copyright":"Copyright (C) 2005 - 2011 Open Source Matters, Inc. All rights reserved.","authorEmail":"contact@kontentdesign.com","authorUrl":"http:\\/\\/www.kontentdesign.com","version":"1.7.0","description":"TPL_ATOMIC_XML_DESCRIPTION","group":""}', '{}', '', '', 0, '0000-00-00 00:00:00', 0, 0),
(502, 'bluestork', 'template', 'bluestork', '', 1, 1, 1, 0, '{"legacy":false,"name":"bluestork","type":"template","creationDate":"07\\/02\\/09","author":"Joomla! Project","copyright":"Copyright (C) 2005 - 2011 Open Source Matters, Inc. All rights reserved.","authorEmail":"admin@joomla.org","authorUrl":"www.joomla.org","version":"1.7.0","description":"TPL_BLUESTORK_XML_DESCRIPTION","group":""}', '{"useRoundedCorners":"1","showSiteName":"0","textBig":"0","highContrast":"0"}', '', '', 0, '0000-00-00 00:00:00', 0, 0),
(503, 'beez_20', 'template', 'beez_20', '', 0, 1, 1, 0, '{"legacy":false,"name":"beez_20","type":"template","creationDate":"25 November 2009","author":"Angie Radtke","copyright":"Copyright (C) 2005 - 2011 Open Source Matters, Inc. All rights reserved.","authorEmail":"a.radtke@derauftritt.de","authorUrl":"http:\\/\\/www.der-auftritt.de","version":"1.7.0","description":"TPL_BEEZ2_XML_DESCRIPTION","group":""}', '{"wrapperSmall":"53","wrapperLarge":"72","sitetitle":"","sitedescription":"","navposition":"center","templatecolor":"nature"}', '', '', 0, '0000-00-00 00:00:00', 0, 0),
(504, 'hathor', 'template', 'hathor', '', 1, 1, 1, 0, '{"name":"hathor","type":"template","creationDate":"May 2010","author":"Andrea Tarr","copyright":"Copyright (C) 2005 - 2013 Open Source Matters, Inc. All rights reserved.","authorEmail":"hathor@tarrconsulting.com","authorUrl":"http:\\/\\/www.tarrconsulting.com","version":"3.0.0","description":"TPL_HATHOR_XML_DESCRIPTION","group":""}', '{"showSiteName":"0","colourChoice":"0","boldText":"0"}', '', '', 0, '0000-00-00 00:00:00', 0, 0),
(505, 'beez5', 'template', 'beez5', '', 0, 1, 1, 0, '{"legacy":false,"name":"beez5","type":"template","creationDate":"21 May 2010","author":"Angie Radtke","copyright":"Copyright (C) 2005 - 2011 Open Source Matters, Inc. All rights reserved.","authorEmail":"a.radtke@derauftritt.de","authorUrl":"http:\\/\\/www.der-auftritt.de","version":"1.7.0","description":"TPL_BEEZ5_XML_DESCRIPTION","group":""}', '{"wrapperSmall":"53","wrapperLarge":"72","sitetitle":"","sitedescription":"","navposition":"center","html5":"0"}', '', '', 0, '0000-00-00 00:00:00', 0, 0),
(600, 'English (United Kingdom)', 'language', 'en-GB', '', 0, 1, 1, 1, '{"name":"English (United Kingdom)","type":"language","creationDate":"2013-03-07","author":"Joomla! Project","copyright":"Copyright (C) 2005 - 2013 Open Source Matters. All rights reserved.","authorEmail":"admin@joomla.org","authorUrl":"www.joomla.org","version":"3.1.4","description":"en-GB site language","group":""}', '', '', '', 0, '0000-00-00 00:00:00', 0, 0),
(601, 'English (United Kingdom)', 'language', 'en-GB', '', 1, 1, 1, 1, '{"name":"English (United Kingdom)","type":"language","creationDate":"2013-03-07","author":"Joomla! Project","copyright":"Copyright (C) 2005 - 2013 Open Source Matters. All rights reserved.","authorEmail":"admin@joomla.org","authorUrl":"www.joomla.org","version":"3.1.4","description":"en-GB administrator language","group":""}', '', '', '', 0, '0000-00-00 00:00:00', 0, 0),
(602, 'GermanDE-CH-AT', 'language', 'de-DE', '', 0, 1, 1, 0, '{"name":"German (DE-CH-AT)","type":"language","creationDate":"04.02.2013","author":"J!German","copyright":"Copyright (C) 2008 - 2013 J!German. All rights reserved.","authorEmail":"team@jgerman.de","authorUrl":"http:\\/\\/www.jgerman.de","version":"3.0.3.1","description":"\\n      <img style=\\"margin: 5px; vertical-align: middle;\\" alt=\\"German (Deutsch)\\" src=\\"data:;base64,R0lGODlhEgAMAJEAAP\\/OAAAAAN0AAAAAACH5BAAAAAAALAAAAAASAAwAAAIXjI+py+2vhJy02ouz3hb4D4biSJbmKRYAOw==\\" height=\\"12\\" width=\\"18\\" \\/>Deutsche Frontend (Website)-\\u00dcbersetzung f\\u00fcr Joomla! 3.0.3\\n      <br \\/>\\n      <img style=\\"margin: 5px; vertical-align: middle;\\" alt=\\"English (Englisch)\\" src=\\"data:image\\/gif;base64,R0lGODlhEgAMAPcAANQYLe+nr+iPmgElcdQuQtQtQtq\\/zc8UK88TKu2Sm+A4SOucpn2RvxIseCBLmRIpdtIWLAEkctAUK\\/\\/f3g4tguqXodozRcwDHNa8y8fT5h9GlP\\/7+R82fcwIIPOCiRg2fwc0fP\\/6+AEohAwqgffV2QYuhfaTmQApgi1VngAZd9Y0SOmTnaysytIjOPixtbZlgOxVYehUYPbP09FqfWByq\\/XL0BIndO2Fju6AieZ8iQAaed9gcOnm7t28wgEpdImUt2B\\/uOtWYsAPHP\\/o5t5SYdzs98pwd\\/KXn\\/\\/v7tjo9WRyqXBtkgEdbPbu8c0MJHdomvB4gHBglMwGH7Nphm6Zy9Pq6uufqfjh5NUwRM8SKhIqd9c5TNc4TNUxRRIjcxAvg9FpfPCmpiBOjv\\/r6cYgKhIfb\\/\\/i4fSTmdm+zClSnOiMl+dXY1RioK5kgxg5hPOZoNMpPmh\\/tTxalmqFut\\/G0tchLdni765RcOiOmQAgfcHZ7v77+3J4o+6UnfTKz\\/\\/\\/\\/OurtYScx66wzThepMy7vwAeeiJLmumQmv\\/m5QAceN00RmOBqgEnc9zr9+lWY+qWoNY0Rw80eudUYWZ1qytZk+unsAYxiup5g+iSnX6Ww7Vif9EQH\\/Df5dbc6hIqdt3w+\\/\\/q6MwFHfOLkuj6\\/+ylrgAVde+aotPQ3+yMls8VLNbc69+lo+6nr9tHWAAPcLTI480GHssAGf\\/\\/\\/wAAAAAAAAAAAAAAAAAAAAAAAAAAAAAAAAAAAAAAAAAAAAAAAAAAAAAAAAAAAAAAAAAAAAAAAAAAAAAAAAAAAAAAAAAAAAAAAAAAAAAAAAAAAAAAAAAAAAAAAAAAAAAAAAAAAAAAAAAAAAAAAAAAAAAAAAAAAAAAAAAAAAAAAAAAAAAAAAAAAAAAAAAAAAAAAAAAAAAAAAAAAAAAAAAAAAAAAAAAAAAAAAAAAAAAAAAAAAAAAAAAAAAAAAAAAAAAAAAAAAAAAAAAAAAAAAAAAAAAAAAAAAAAAAAAAAAAAAAAAAAAAAAAACH5BAAAAAAALAAAAAASAAwAAAjoAH9wKPOggZYPPepsCiPHRgNPXtzwGVKEwZdShUoYAAArAIpEKSwp0RTDERREjRiMyIOGYwAHIia9kORhApspRC6NsZOJDgRYlQK1WYODxKc5gjJcYeUnxB8ZCKRYQeKihqw9p1goUNRlC6QCBOAcyNICCxcVBApYUBCrrdtYFw6k6vDW7RsBAlYsqJAgBwInO\\/ocwvNoAaYjQPTIkmXKBA9OEkIBGiVrg5oEqqi8aoIqyIwoGjBwJDWIRiczN1rdOQMDzBNDOk5s7JjGFYU4SUCJMrJETIQBPkAQIiNkFaUBjJhEWlQlIAA7\\" height=\\"12\\" width=\\"18\\" \\/>German Frontend (Website) translation for Joomla! 3.0.3\\n    ","group":""}', '', '', '', 0, '0000-00-00 00:00:00', 0, 0),
(603, 'GermanDE-CH-AT', 'language', 'de-DE', '', 1, 1, 1, 0, '{"name":"German (DE-CH-AT)","type":"language","creationDate":"04.02.2013","author":"J!German","copyright":"Copyright (C) 2008 - 2013 J!German. All rights reserved.","authorEmail":"team@jgerman.de","authorUrl":"http:\\/\\/www.jgerman.de","version":"3.0.3.1","description":"\\n      <img style=\\"margin: 5px; vertical-align: middle;\\" alt=\\"German (Deutsch)\\" src=\\"data:;base64,R0lGODlhEgAMAJEAAP\\/OAAAAAN0AAAAAACH5BAAAAAAALAAAAAASAAwAAAIXjI+py+2vhJy02ouz3hb4D4biSJbmKRYAOw==\\" height=\\"12\\" width=\\"18\\" \\/>Deutsche Backend (Administrator)-\\u00dcbersetzung f\\u00fcr Joomla! 3.0.3\\n      <br \\/>\\n      <img style=\\"margin: 5px; vertical-align: middle;\\" alt=\\"English (Englisch)\\" src=\\"data:image\\/gif;base64,R0lGODlhEgAMAPcAANQYLe+nr+iPmgElcdQuQtQtQtq\\/zc8UK88TKu2Sm+A4SOucpn2RvxIseCBLmRIpdtIWLAEkctAUK\\/\\/f3g4tguqXodozRcwDHNa8y8fT5h9GlP\\/7+R82fcwIIPOCiRg2fwc0fP\\/6+AEohAwqgffV2QYuhfaTmQApgi1VngAZd9Y0SOmTnaysytIjOPixtbZlgOxVYehUYPbP09FqfWByq\\/XL0BIndO2Fju6AieZ8iQAaed9gcOnm7t28wgEpdImUt2B\\/uOtWYsAPHP\\/o5t5SYdzs98pwd\\/KXn\\/\\/v7tjo9WRyqXBtkgEdbPbu8c0MJHdomvB4gHBglMwGH7Nphm6Zy9Pq6uufqfjh5NUwRM8SKhIqd9c5TNc4TNUxRRIjcxAvg9FpfPCmpiBOjv\\/r6cYgKhIfb\\/\\/i4fSTmdm+zClSnOiMl+dXY1RioK5kgxg5hPOZoNMpPmh\\/tTxalmqFut\\/G0tchLdni765RcOiOmQAgfcHZ7v77+3J4o+6UnfTKz\\/\\/\\/\\/OurtYScx66wzThepMy7vwAeeiJLmumQmv\\/m5QAceN00RmOBqgEnc9zr9+lWY+qWoNY0Rw80eudUYWZ1qytZk+unsAYxiup5g+iSnX6Ww7Vif9EQH\\/Df5dbc6hIqdt3w+\\/\\/q6MwFHfOLkuj6\\/+ylrgAVde+aotPQ3+yMls8VLNbc69+lo+6nr9tHWAAPcLTI480GHssAGf\\/\\/\\/wAAAAAAAAAAAAAAAAAAAAAAAAAAAAAAAAAAAAAAAAAAAAAAAAAAAAAAAAAAAAAAAAAAAAAAAAAAAAAAAAAAAAAAAAAAAAAAAAAAAAAAAAAAAAAAAAAAAAAAAAAAAAAAAAAAAAAAAAAAAAAAAAAAAAAAAAAAAAAAAAAAAAAAAAAAAAAAAAAAAAAAAAAAAAAAAAAAAAAAAAAAAAAAAAAAAAAAAAAAAAAAAAAAAAAAAAAAAAAAAAAAAAAAAAAAAAAAAAAAAAAAAAAAAAAAAAAAAAAAAAAAAAAAAAAAAAAAAAAAAAAAAAAAACH5BAAAAAAALAAAAAASAAwAAAjoAH9wKPOggZYPPepsCiPHRgNPXtzwGVKEwZdShUoYAAArAIpEKSwp0RTDERREjRiMyIOGYwAHIia9kORhApspRC6NsZOJDgRYlQK1WYODxKc5gjJcYeUnxB8ZCKRYQeKihqw9p1goUNRlC6QCBOAcyNICCxcVBApYUBCrrdtYFw6k6vDW7RsBAlYsqJAgBwInO\\/ocwvNoAaYjQPTIkmXKBA9OEkIBGiVrg5oEqqi8aoIqyIwoGjBwJDWIRiczN1rdOQMDzBNDOk5s7JjGFYU4SUCJMrJETIQBPkAQIiNkFaUBjJhEWlQlIAA7\\" height=\\"12\\" width=\\"18\\" \\/>German Backend (Administrator) translation for Joomla! 3.0.3\\n    ","group":""}', '', '', '', 0, '0000-00-00 00:00:00', 0, 0),
(604, 'German Language Pack', 'package', 'pkg_de-DE', '', 0, 1, 1, 0, '{"name":"German Language Pack","type":"package","creationDate":"04.02.2013","author":"J!German","copyright":"","authorEmail":"team@jgerman.de","authorUrl":"http:\\/\\/www.jgerman.de","version":"3.0.3.1","description":"\\n    <div style=\\"text-align: center;\\">\\n      <h2>Deutsches \\u201eFull\\u201c-Sprachpaket f\\u00fcr Joomla! 3.0.3 von <a title=\\"J!German\\" href=\\"http:\\/\\/www.jgerman.de\\" target=\\"_blank\\">J!German<\\/a><\\/h2>\\n      <h3><span style=\\"color: #008000;\\">\\u00dcbersetzungsversion: 3.0.3v1<\\/span><\\/h3>\\n      <hr \\/>\\n      <table rules=\\"all\\" frame=\\"border\\" style=\\"width: 90%; border-color: #000000; border-width: 1px; border-style: solid;\\" align=\\"center\\" border=\\"1\\">\\n      <colgroup> <col width=\\"30%\\" \\/> <col width=\\"60\\" \\/> <\\/colgroup>\\n      <tbody>\\n        <tr>\\n          <td>\\n            <ul>\\n              <li>Frontend (Website)-\\u00dcbersetzung<\\/li>\\n            <\\/ul>\\n          <\\/td>\\n          <td rowspan=\\"2\\">\\n            <ul>\\n              <li>\\n                <span style=\\"text-decoration: underline;\\">Neuinstallation:<\\/span>\\n                <br \\/>\\n                Legen Sie die deutsche Sprache unter <a title=\\"Language Manager\\" href=\\"index.php?option=com_languages\\" target=\\"_blank\\">\\u201eExtensions\\u201c \\u2192 \\u201eLanguage Manager\\u201c<\\/a> als Standardsprache (\\u201eDefault\\u201c), sowohl f\\u00fcr die Website (\\u201eInstalled - Site\\u201c) als auch f\\u00fcr die Administration (\\u201eInstalled - Administrator\\u201c), fest.\\n              <\\/li>\\n              <br \\/>\\n              <li>\\n                <span style=\\"text-decoration: underline;\\">Aktualisierung:<\\/span>\\n                <br \\/>\\n                Es sind keine weiteren Schritte erforderlich.\\n              <\\/li>\\n            <\\/ul>\\n          <\\/td>\\n        <\\/tr>\\n        <tr>\\n          <td>\\n            <ul>\\n              <li>Backend (Administrator)-\\u00dcbersetzung<\\/li>\\n            <\\/ul>\\n          <\\/td>\\n        <\\/tr>\\n        <tr>\\n          <td>\\n            <ul>\\n              <li>Editor (TinyMCE)-\\u00dcbersetzung<\\/li>\\n            <\\/ul>\\n          <\\/td>\\n          <td>\\n            <ul>\\n              <li>\\n                <span style=\\"text-decoration: underline;\\">Neuinstallation:<\\/span>\\n                <br \\/>\\n                Aktivieren Sie in den <a title=\\"TinyMCE in der Pluginverwaltung\\" href=\\"index.php?option=com_plugins&amp;view=plugins&amp;filter_search=TinyMCE\\" target=\\"_blank\\">TinyMCE-Plugineinstellungen<\\/a> die automatische Sprachauswahl auf \\u201eJa\\u201c (\\u201eBasisoptionen\\u201c \\u2192 \\u201eAutom. Sprachauswahl\\u201c).\\n              <\\/li>\\n              <br \\/>\\n              <li>\\n                <span style=\\"text-decoration: underline;\\">Aktualisierung (nur wenn vor dieser Installation ein <strong>separates<\\/strong> TinyMCE-Sprachpaket installiert war):<\\/span>\\n                <br \\/>\\n                Deinstallieren Sie das alte TinyMCE-Sprachpaket \\u00fcber \\u201eErweiterungen\\u201c \\u2192 \\u201eErweiterungen\\u201c \\u2192 \\u201eVerwalten\\u201c \\u2192 \\u201eTinyMCE de-DE\\u201c. Danach installieren Sie dieses Paket erneut.<br \\/>Damit sorgen Sie daf\\u00fcr, dass der alte Aktualisierungsserver f\\u00fcr das einzelne TinyMCE-Sprachpaket aus Joomla! gel\\u00f6scht wird und so bei einer Aktualisierungsanfrage nicht unn\\u00f6tig gepr\\u00fcft wird.\\n              <\\/li>\\n            <\\/ul>\\n          <\\/td>\\n        <\\/tr>\\n      <\\/tbody>\\n      <\\/table>\\n      <br \\/>\\n      <span style=\\"text-decoration: underline;\\">Hinweis:<\\/span> Dieses Paket unterst\\u00fctzt die Joomla! eigene <a title=\\"Joomla!-Aktualisierungsfunktion\\" href=\\"index.php?option=com_installer&amp;view=update\\" target=\\"_blank\\">Aktualisierungsfunktion<\\/a>!\\n    <\\/div>\\n    ","group":""}', '', '', '', 0, '0000-00-00 00:00:00', 0, 0),
(605, 'TinyMCE de-DE', 'file', 'file_tinymce_de-DE', '', 0, 1, 0, 0, '{"name":"TinyMCE de-DE","type":"file","creationDate":"04.02.2013","author":"J!German","copyright":"Copyright (C) 2008 - 2013 J!German. All rights reserved.","authorEmail":"team@jgerman.de","authorUrl":"http:\\/\\/www.jgerman.de","version":"3.0.3.1","description":"\\n      <img style=\\"margin: 5px; vertical-align: middle;\\" alt=\\"German (Deutsch)\\" src=\\"data:;base64,R0lGODlhEgAMAJEAAP\\/OAAAAAN0AAAAAACH5BAAAAAAALAAAAAASAAwAAAIXjI+py+2vhJy02ouz3hb4D4biSJbmKRYAOw==\\" height=\\"12\\" width=\\"18\\" \\/>Deutsche Editor (TinyMCE)-\\u00dcbersetzung f\\u00fcr Joomla! 3.0.3\\n      <br \\/>\\n      <img style=\\"margin: 5px; vertical-align: middle;\\" alt=\\"English (Englisch)\\" src=\\"data:image\\/gif;base64,R0lGODlhEgAMAPcAANQYLe+nr+iPmgElcdQuQtQtQtq\\/zc8UK88TKu2Sm+A4SOucpn2RvxIseCBLmRIpdtIWLAEkctAUK\\/\\/f3g4tguqXodozRcwDHNa8y8fT5h9GlP\\/7+R82fcwIIPOCiRg2fwc0fP\\/6+AEohAwqgffV2QYuhfaTmQApgi1VngAZd9Y0SOmTnaysytIjOPixtbZlgOxVYehUYPbP09FqfWByq\\/XL0BIndO2Fju6AieZ8iQAaed9gcOnm7t28wgEpdImUt2B\\/uOtWYsAPHP\\/o5t5SYdzs98pwd\\/KXn\\/\\/v7tjo9WRyqXBtkgEdbPbu8c0MJHdomvB4gHBglMwGH7Nphm6Zy9Pq6uufqfjh5NUwRM8SKhIqd9c5TNc4TNUxRRIjcxAvg9FpfPCmpiBOjv\\/r6cYgKhIfb\\/\\/i4fSTmdm+zClSnOiMl+dXY1RioK5kgxg5hPOZoNMpPmh\\/tTxalmqFut\\/G0tchLdni765RcOiOmQAgfcHZ7v77+3J4o+6UnfTKz\\/\\/\\/\\/OurtYScx66wzThepMy7vwAeeiJLmumQmv\\/m5QAceN00RmOBqgEnc9zr9+lWY+qWoNY0Rw80eudUYWZ1qytZk+unsAYxiup5g+iSnX6Ww7Vif9EQH\\/Df5dbc6hIqdt3w+\\/\\/q6MwFHfOLkuj6\\/+ylrgAVde+aotPQ3+yMls8VLNbc69+lo+6nr9tHWAAPcLTI480GHssAGf\\/\\/\\/wAAAAAAAAAAAAAAAAAAAAAAAAAAAAAAAAAAAAAAAAAAAAAAAAAAAAAAAAAAAAAAAAAAAAAAAAAAAAAAAAAAAAAAAAAAAAAAAAAAAAAAAAAAAAAAAAAAAAAAAAAAAAAAAAAAAAAAAAAAAAAAAAAAAAAAAAAAAAAAAAAAAAAAAAAAAAAAAAAAAAAAAAAAAAAAAAAAAAAAAAAAAAAAAAAAAAAAAAAAAAAAAAAAAAAAAAAAAAAAAAAAAAAAAAAAAAAAAAAAAAAAAAAAAAAAAAAAAAAAAAAAAAAAAAAAAAAAAAAAAAAAAAAAACH5BAAAAAAALAAAAAASAAwAAAjoAH9wKPOggZYPPepsCiPHRgNPXtzwGVKEwZdShUoYAAArAIpEKSwp0RTDERREjRiMyIOGYwAHIia9kORhApspRC6NsZOJDgRYlQK1WYODxKc5gjJcYeUnxB8ZCKRYQeKihqw9p1goUNRlC6QCBOAcyNICCxcVBApYUBCrrdtYFw6k6vDW7RsBAlYsqJAgBwInO\\/ocwvNoAaYjQPTIkmXKBA9OEkIBGiVrg5oEqqi8aoIqyIwoGjBwJDWIRiczN1rdOQMDzBNDOk5s7JjGFYU4SUCJMrJETIQBPkAQIiNkFaUBjJhEWlQlIAA7\\" height=\\"12\\" width=\\"18\\" \\/>German Editor (TinyMCE) translation for Joomla! 3.0.3\\n    ","group":""}', '', '', '', 0, '0000-00-00 00:00:00', 0, 0),
(700, 'files_joomla', 'file', 'joomla', '', 0, 1, 1, 1, '{"name":"files_joomla","type":"file","creationDate":"August 2013","author":"Joomla! Project","copyright":"(C) 2005 - 2013 Open Source Matters. All rights reserved","authorEmail":"admin@joomla.org","authorUrl":"www.joomla.org","version":"3.1.5","description":"FILES_JOOMLA_XML_DESCRIPTION","group":""}', '', '', '', 0, '0000-00-00 00:00:00', 0, 0),
(10001, 'BottleBot LightBox J1.7+J1.6', 'plugin', 'bottleBotLightbox', 'content', 0, 0, 1, 0, '{"legacy":false,"name":"BottleBot LightBox J1.7+J1.6","type":"plugin","creationDate":"Sept 2011","author":"BottleBot","copyright":"(C) 2011 bottlebot All rights reserved.","authorEmail":"bottlebot@eine-vision.de","authorUrl":"http:\\/\\/bottlebot.eine-vision.de","version":"1.5","description":"BottleBot LightBox J1.7+J1.6 generiert eine Lightbox f\\u00fcr Bilder und Videos in Joomla 1.7 und 1.6.\\n\\tAnleitung (Bilder):\\n\\tThumbnail-Bilder im TinyMCE einfuegen (Bild-Button).\\n\\tEs muss nur das Thumbnail-Bild (z.B. tmp_image01.jpg) in den Editor geladen werden.\\n\\tDas Plugin sucht dann automatisch nach image01.jpg fuer die Lightbox.\\n\\tTitel und Beschreibung hinzufuegen. \\n\\tUm Galerien (Bildfolgen) zu erzeugen, vor der Bildbeschreibung einen Galerienamen im Format [bbgal=MeineGalerie] angeben.\\n\\tVideos lassen sich ohne gro\\u00dfe Unterschiede einbinden. Bitte Hierzu die Anleitung fuer Videos auf der Homepage (http:\\/\\/bottlebot.eine-vision.de) zurate ziehen.\\n\\tEs koennen Probleme mit anderen Lightbox-Plugins auftauchen. Diese am besten deaktivieren.\\n\\tDie eingebundenen Lightboxes duerfen privat genutzt werden. Weitere Informationen zu den Lizenzen sind in den Parametereinstellungen verlinkt. Viel Spass. BottleBot","group":""}', '{"enableTmbRescale":"1","width":"107","height":"120","tmbPrefix":"tmb_","forceEngLang":"0","debugFileName":"0","tmbClass":"","lnkClass":"","lbType":"Shadowbox","skin":"classic","enableDiashow":"0","diaDelay":"3","lbColour":"white","fBAnimType":"elastic","fBTitlePos":"","enableJQuery":"1","enableVidRescale":"0","vidWidth":"480","vidHeight":"385","enableAutoplay":"0","vidHDEnabled":"0","useCustom":"0","customJS":"","customCSS":"","customRel":"lightbox","lightboxparameter":""}', '', '', 0, '0000-00-00 00:00:00', 0, 0),
(10002, 'CSS Gallery', 'plugin', 'cssgallery', 'content', 0, 0, 1, 0, '{"legacy":false,"name":"CSS Gallery","type":"plugin","creationDate":"2011-10-28","author":"Andreas Berger","copyright":"Copyright (C) 2011 Andreas Berger - http:\\/\\/www.bretteleben.de. All rights reserved.","authorEmail":"andreas_berger@bretteleben.de","authorUrl":"www.bretteleben.de","version":"1.3.5","description":"Pure CSS Gallery. Include with {becssg}foldername{\\/becssg}","group":""}', '{"im_width":"400","im_height":"300","im_quality":"95","im_keep":"keep","im_align":"1","th_sort":"0","im_preload":"1","im_fixstart":"1","th_row":"4","th_quality":"80","th_space":"5","th_keep":"keep","cap_show":"1","link_use":"1","imagepath":"\\/images\\/il_astagneto\\/"}', '', '', 0, '0000-00-00 00:00:00', 0, 0),
(10004, 'g11n', 'library', 'lib_g11n', '', 0, 1, 1, 0, '{"legacy":false,"name":"g11n","type":"library","creationDate":"08-May-2011","author":"Nikolai Plath","copyright":"(C) By Nikolai Plath","authorEmail":"info@nik-it.de","authorUrl":"http:\\/\\/nik-it.de","version":"1.0","description":"g11n - globalization for Joomla!","group":""}', '{}', '', '', 0, '0000-00-00 00:00:00', 0, 0),
(10006, 'il-castagneto', 'template', 'il-castagneto', '', 0, 1, 1, 0, '{"legacy":false,"name":"il-castagneto","type":"template","creationDate":"28-May-2011","author":"K.-Michael Siebenlist","copyright":"Michael''s Webdesign","authorEmail":"kms@kms-net.de","authorUrl":"http:\\/\\/www.kms-net.de","version":"1.0","description":"Ein kleines Template f\\u00fcr http:\\/\\/wiki.joomla-nafu.de und den EasyCreator","group":""}', '{"sitetitle":"","sitedescription":"","hintergrundbild":""}', '', '', 0, '0000-00-00 00:00:00', 0, 0),
(10037, 'com_finder', 'component', 'com_finder', '', 1, 1, 1, 0, '{"legacy":false,"name":"com_finder","type":"component","creationDate":"August 2011","author":"Joomla! Project","copyright":"(C) 2005 - 2012 Open Source Matters. All rights reserved.","authorEmail":"admin@joomla.org","authorUrl":"www.joomla.org","version":"2.5.0","description":"COM_FINDER_XML_DESCRIPTION","group":""}', '{}', '', '', 0, '0000-00-00 00:00:00', 0, 0),
(10038, 'com_joomlaupdate', 'component', 'com_joomlaupdate', '', 1, 1, 1, 0, '{"legacy":false,"name":"com_joomlaupdate","type":"component","creationDate":"February 2012","author":"Joomla! Project","copyright":"(C) 2005 - 2012 Open Source Matters. All rights reserved.\\t","authorEmail":"admin@joomla.org","authorUrl":"www.joomla.org","version":"2.5.0","description":"COM_JOOMLAUPDATE_XML_DESCRIPTION","group":""}', '{"updatesource":"sts","customurl":""}', '', '', 0, '0000-00-00 00:00:00', 0, 0),
(10039, 'mod_finder', 'module', 'mod_finder', '', 0, 1, 1, 0, '{"legacy":false,"name":"mod_finder","type":"module","creationDate":"August 2011","author":"Joomla! Project","copyright":"(C) 2005 - 2012 Open Source Matters. All rights reserved.","authorEmail":"admin@joomla.org","authorUrl":"www.joomla.org","version":"2.5.0","description":"MOD_FINDER_XML_DESCRIPTION","group":""}', '{"searchfilter":"","show_autosuggest":"1","show_advanced":"0","moduleclass_sfx":"","field_size":"25","show_label":"1","label_pos":"top","show_button":"0","button_pos":"right","opensearch":"1"}', '', '', 0, '0000-00-00 00:00:00', 0, 0),
(10040, 'mod_version', 'module', 'mod_version', '', 1, 1, 1, 0, '{"legacy":false,"name":"mod_version","type":"module","creationDate":"January 2012","author":"Joomla! Project","copyright":"Copyright (C) 2005 - 2012 Open Source Matters. All rights reserved.","authorEmail":"admin@joomla.org","authorUrl":"www.joomla.org","version":"2.5.0","description":"MOD_VERSION_XML_DESCRIPTION","group":""}', '{"format":"short","product":"1","cache":"0"}', '', '', 0, '0000-00-00 00:00:00', 0, 0),
(10041, 'plg_captcha_recaptcha', 'plugin', 'recaptcha', 'captcha', 0, 0, 1, 0, '{"name":"plg_captcha_recaptcha","type":"plugin","creationDate":"December 2011","author":"Joomla! Project","copyright":"Copyright (C) 2005 - 2013 Open Source Matters. All rights reserved.","authorEmail":"admin@joomla.org","authorUrl":"www.joomla.org","version":"3.0.0","description":"PLG_CAPTCHA_RECAPTCHA_XML_DESCRIPTION","group":""}', '{"public_key":"","private_key":"","theme":"clean"}', '', '', 0, '0000-00-00 00:00:00', 0, 0),
(10042, 'plg_content_finder', 'plugin', 'finder', 'content', 0, 0, 1, 0, '{"legacy":false,"name":"plg_content_finder","type":"plugin","creationDate":"December 2011","author":"Joomla! Project","copyright":"Copyright (C) 2005 - 2012 Open Source Matters. All rights reserved.","authorEmail":"admin@joomla.org","authorUrl":"www.joomla.org","version":"2.5.0","description":"PLG_CONTENT_FINDER_XML_DESCRIPTION","group":""}', '{}', '', '', 0, '0000-00-00 00:00:00', 0, 0),
(10043, 'plg_finder_categories', 'plugin', 'categories', 'finder', 0, 0, 1, 0, '{"name":"plg_finder_categories","type":"plugin","creationDate":"August 2011","author":"Joomla! Project","copyright":"(C) 2005 - 2013 Open Source Matters. All rights reserved.","authorEmail":"admin@joomla.org","authorUrl":"www.joomla.org","version":"3.0.0","description":"PLG_FINDER_CATEGORIES_XML_DESCRIPTION","group":""}', '{}', '', '', 0, '0000-00-00 00:00:00', 0, 0),
(10044, 'plg_finder_contacts', 'plugin', 'contacts', 'finder', 0, 0, 1, 0, '{"name":"plg_finder_contacts","type":"plugin","creationDate":"August 2011","author":"Joomla! Project","copyright":"(C) 2005 - 2013 Open Source Matters. All rights reserved.","authorEmail":"admin@joomla.org","authorUrl":"www.joomla.org","version":"3.0.0","description":"PLG_FINDER_CONTACTS_XML_DESCRIPTION","group":""}', '{}', '', '', 0, '0000-00-00 00:00:00', 0, 0),
(10045, 'plg_finder_content', 'plugin', 'content', 'finder', 0, 0, 1, 0, '{"name":"plg_finder_content","type":"plugin","creationDate":"August 2011","author":"Joomla! Project","copyright":"(C) 2005 - 2013 Open Source Matters. All rights reserved.","authorEmail":"admin@joomla.org","authorUrl":"www.joomla.org","version":"3.0.0","description":"PLG_FINDER_CONTENT_XML_DESCRIPTION","group":""}', '{}', '', '', 0, '0000-00-00 00:00:00', 0, 0),
(10046, 'plg_finder_newsfeeds', 'plugin', 'newsfeeds', 'finder', 0, 0, 1, 0, '{"name":"plg_finder_newsfeeds","type":"plugin","creationDate":"August 2011","author":"Joomla! Project","copyright":"(C) 2005 - 2013 Open Source Matters. All rights reserved.","authorEmail":"admin@joomla.org","authorUrl":"www.joomla.org","version":"3.0.0","description":"PLG_FINDER_NEWSFEEDS_XML_DESCRIPTION","group":""}', '{}', '', '', 0, '0000-00-00 00:00:00', 0, 0),
(10047, 'plg_finder_weblinks', 'plugin', 'weblinks', 'finder', 0, 0, 1, 0, '{"name":"plg_finder_weblinks","type":"plugin","creationDate":"August 2011","author":"Joomla! Project","copyright":"(C) 2005 - 2013 Open Source Matters. All rights reserved.","authorEmail":"admin@joomla.org","authorUrl":"www.joomla.org","version":"3.0.0","description":"PLG_FINDER_WEBLINKS_XML_DESCRIPTION","group":""}', '{}', '', '', 0, '0000-00-00 00:00:00', 0, 0),
(10048, 'plg_quickicon_extensionupdate', 'plugin', 'extensionupdate', 'quickicon', 0, 0, 1, 0, '{"name":"plg_quickicon_extensionupdate","type":"plugin","creationDate":"August 2011","author":"Joomla! Project","copyright":"Copyright (C) 2005 - 2013 Open Source Matters. All rights reserved.","authorEmail":"admin@joomla.org","authorUrl":"www.joomla.org","version":"3.0.0","description":"PLG_QUICKICON_EXTENSIONUPDATE_XML_DESCRIPTION","group":""}', '{"context":"mod_quickicon"}', '', '', 0, '0000-00-00 00:00:00', 0, 0),
(10049, 'plg_quickicon_joomlaupdate', 'plugin', 'joomlaupdate', 'quickicon', 0, 1, 1, 0, '{"name":"plg_quickicon_joomlaupdate","type":"plugin","creationDate":"August 2011","author":"Joomla! Project","copyright":"Copyright (C) 2005 - 2013 Open Source Matters. All rights reserved.","authorEmail":"admin@joomla.org","authorUrl":"www.joomla.org","version":"3.0.0","description":"PLG_QUICKICON_JOOMLAUPDATE_XML_DESCRIPTION","group":""}', '{"context":"mod_quickicon"}', '', '', 0, '0000-00-00 00:00:00', 0, 0),
(10050, 'plg_system_highlight', 'plugin', 'highlight', 'system', 0, 0, 1, 0, '{"legacy":false,"name":"plg_system_highlight","type":"plugin","creationDate":"August 2011","author":"Joomla! Project","copyright":"(C) 2005 - 2012 Open Source Matters. All rights reserved.","authorEmail":"admin@joomla.org","authorUrl":"www.joomla.org","version":"2.5.0","description":"PLG_SYSTEM_HIGHLIGHT_XML_DESCRIPTION","group":""}', '{}', '', '', 0, '0000-00-00 00:00:00', 0, 0),
(10051, 'plg_system_languagecode', 'plugin', 'languagecode', 'system', 0, 0, 1, 0, '{"name":"plg_system_languagecode","type":"plugin","creationDate":"November 2011","author":"Joomla! Project","copyright":"Copyright (C) 2005 - 2013 Open Source Matters. All rights reserved.","authorEmail":"admin@joomla.org","authorUrl":"www.joomla.org","version":"3.0.0","description":"PLG_SYSTEM_LANGUAGECODE_XML_DESCRIPTION","group":""}', '{}', '', '', 0, '0000-00-00 00:00:00', 0, 0),
(10052, 'isis', 'template', 'isis', '', 1, 1, 1, 0, '{"name":"isis","type":"template","creationDate":"3\\/30\\/2012","author":"Kyle Ledbetter","copyright":"Copyright (C) 2005 - 2013 Open Source Matters, Inc. All rights reserved.","authorEmail":"admin@joomla.org","authorUrl":"","version":"1.0","description":"TPL_ISIS_XML_DESCRIPTION","group":""}', '{"templateColor":"","logoFile":""}', '', '', 0, '0000-00-00 00:00:00', 0, 0),
(10053, 'protostar', 'template', 'protostar', '', 0, 1, 1, 0, '{"name":"protostar","type":"template","creationDate":"4\\/30\\/2012","author":"Kyle Ledbetter","copyright":"Copyright (C) 2005 - 2013 Open Source Matters, Inc. All rights reserved.","authorEmail":"admin@joomla.org","authorUrl":"","version":"1.0","description":"TPL_PROTOSTAR_XML_DESCRIPTION","group":""}', '{"templateColor":"","logoFile":"","googleFont":"1","googleFontName":"Open+Sans","fluidContainer":"0"}', '', '', 0, '0000-00-00 00:00:00', 0, 0),
(10054, 'beez3', 'template', 'beez3', '', 0, 1, 1, 0, '{"name":"beez3","type":"template","creationDate":"25 November 2009","author":"Angie Radtke","copyright":"Copyright (C) 2005 - 2013 Open Source Matters, Inc. All rights reserved.","authorEmail":"a.radtke@derauftritt.de","authorUrl":"http:\\/\\/www.der-auftritt.de","version":"3.1.0","description":"TPL_BEEZ3_XML_DESCRIPTION","group":""}', '{"wrapperSmall":"53","wrapperLarge":"72","sitetitle":"","sitedescription":"","navposition":"center","templatecolor":"nature"}', '', '', 0, '0000-00-00 00:00:00', 0, 0),
(10055, 'ImageSizer free', 'plugin', 'imagesizer', 'system', 0, 1, 1, 0, '{"name":"ImageSizer free","type":"plugin","creationDate":"24.08.2012","author":"Norbert Bayer - reDim","copyright":"www.redim.de","authorEmail":"info@redim.de","authorUrl":"www.redim.de","version":"3.0.0","description":"PLG_IMAGESIZER_XML_DESCRIPTION","group":""}', '{"lbscript":"slimbox.php","minsizex":"120","minsizey":"120","maxsizex":"800","maxsizey":"800","pro":"85","insert":"0","checkupdate":"0","thumbspath":"cache","picclass":"thumb","linkclass":"linkthumb","chmod":"0775","imgmode":"equal","generate":"2","generate2":"prepare","deltc":"1","geterrors":"1","urldecode":"1"}', '', '', 0, '0000-00-00 00:00:00', 0, 0);

-- --------------------------------------------------------

--
-- Tabellenstruktur für Tabelle `lehr_finder_filters`
--

CREATE TABLE IF NOT EXISTS `lehr_finder_filters` (
  `filter_id` int(10) unsigned NOT NULL AUTO_INCREMENT,
  `title` varchar(255) NOT NULL,
  `alias` varchar(255) NOT NULL,
  `state` tinyint(1) NOT NULL DEFAULT '1',
  `created` datetime NOT NULL DEFAULT '0000-00-00 00:00:00',
  `created_by` int(10) unsigned NOT NULL,
  `created_by_alias` varchar(255) NOT NULL,
  `modified` datetime NOT NULL DEFAULT '0000-00-00 00:00:00',
  `modified_by` int(10) unsigned NOT NULL DEFAULT '0',
  `checked_out` int(10) unsigned NOT NULL DEFAULT '0',
  `checked_out_time` datetime NOT NULL DEFAULT '0000-00-00 00:00:00',
  `map_count` int(10) unsigned NOT NULL DEFAULT '0',
  `data` text NOT NULL,
  `params` mediumtext,
  PRIMARY KEY (`filter_id`)
) ENGINE=InnoDB DEFAULT CHARSET=utf8 AUTO_INCREMENT=1 ;

-- --------------------------------------------------------

--
-- Tabellenstruktur für Tabelle `lehr_finder_links`
--

CREATE TABLE IF NOT EXISTS `lehr_finder_links` (
  `link_id` int(10) unsigned NOT NULL AUTO_INCREMENT,
  `url` varchar(255) NOT NULL,
  `route` varchar(255) NOT NULL,
  `title` varchar(255) DEFAULT NULL,
  `description` varchar(255) DEFAULT NULL,
  `indexdate` datetime NOT NULL DEFAULT '0000-00-00 00:00:00',
  `md5sum` varchar(32) DEFAULT NULL,
  `published` tinyint(1) NOT NULL DEFAULT '1',
  `state` int(5) DEFAULT '1',
  `access` int(5) DEFAULT '0',
  `language` varchar(8) NOT NULL,
  `publish_start_date` datetime NOT NULL DEFAULT '0000-00-00 00:00:00',
  `publish_end_date` datetime NOT NULL DEFAULT '0000-00-00 00:00:00',
  `start_date` datetime NOT NULL DEFAULT '0000-00-00 00:00:00',
  `end_date` datetime NOT NULL DEFAULT '0000-00-00 00:00:00',
  `list_price` double unsigned NOT NULL DEFAULT '0',
  `sale_price` double unsigned NOT NULL DEFAULT '0',
  `type_id` int(11) NOT NULL,
  `object` mediumblob NOT NULL,
  PRIMARY KEY (`link_id`),
  KEY `idx_type` (`type_id`),
  KEY `idx_title` (`title`),
  KEY `idx_md5` (`md5sum`),
  KEY `idx_url` (`url`(75)),
  KEY `idx_published_list` (`published`,`state`,`access`,`publish_start_date`,`publish_end_date`,`list_price`),
  KEY `idx_published_sale` (`published`,`state`,`access`,`publish_start_date`,`publish_end_date`,`sale_price`)
) ENGINE=InnoDB DEFAULT CHARSET=utf8 AUTO_INCREMENT=1 ;

-- --------------------------------------------------------

--
-- Tabellenstruktur für Tabelle `lehr_finder_links_terms0`
--

CREATE TABLE IF NOT EXISTS `lehr_finder_links_terms0` (
  `link_id` int(10) unsigned NOT NULL,
  `term_id` int(10) unsigned NOT NULL,
  `weight` float unsigned NOT NULL,
  PRIMARY KEY (`link_id`,`term_id`),
  KEY `idx_term_weight` (`term_id`,`weight`),
  KEY `idx_link_term_weight` (`link_id`,`term_id`,`weight`)
) ENGINE=InnoDB DEFAULT CHARSET=utf8;

-- --------------------------------------------------------

--
-- Tabellenstruktur für Tabelle `lehr_finder_links_terms1`
--

CREATE TABLE IF NOT EXISTS `lehr_finder_links_terms1` (
  `link_id` int(10) unsigned NOT NULL,
  `term_id` int(10) unsigned NOT NULL,
  `weight` float unsigned NOT NULL,
  PRIMARY KEY (`link_id`,`term_id`),
  KEY `idx_term_weight` (`term_id`,`weight`),
  KEY `idx_link_term_weight` (`link_id`,`term_id`,`weight`)
) ENGINE=InnoDB DEFAULT CHARSET=utf8;

-- --------------------------------------------------------

--
-- Tabellenstruktur für Tabelle `lehr_finder_links_terms2`
--

CREATE TABLE IF NOT EXISTS `lehr_finder_links_terms2` (
  `link_id` int(10) unsigned NOT NULL,
  `term_id` int(10) unsigned NOT NULL,
  `weight` float unsigned NOT NULL,
  PRIMARY KEY (`link_id`,`term_id`),
  KEY `idx_term_weight` (`term_id`,`weight`),
  KEY `idx_link_term_weight` (`link_id`,`term_id`,`weight`)
) ENGINE=InnoDB DEFAULT CHARSET=utf8;

-- --------------------------------------------------------

--
-- Tabellenstruktur für Tabelle `lehr_finder_links_terms3`
--

CREATE TABLE IF NOT EXISTS `lehr_finder_links_terms3` (
  `link_id` int(10) unsigned NOT NULL,
  `term_id` int(10) unsigned NOT NULL,
  `weight` float unsigned NOT NULL,
  PRIMARY KEY (`link_id`,`term_id`),
  KEY `idx_term_weight` (`term_id`,`weight`),
  KEY `idx_link_term_weight` (`link_id`,`term_id`,`weight`)
) ENGINE=InnoDB DEFAULT CHARSET=utf8;

-- --------------------------------------------------------

--
-- Tabellenstruktur für Tabelle `lehr_finder_links_terms4`
--

CREATE TABLE IF NOT EXISTS `lehr_finder_links_terms4` (
  `link_id` int(10) unsigned NOT NULL,
  `term_id` int(10) unsigned NOT NULL,
  `weight` float unsigned NOT NULL,
  PRIMARY KEY (`link_id`,`term_id`),
  KEY `idx_term_weight` (`term_id`,`weight`),
  KEY `idx_link_term_weight` (`link_id`,`term_id`,`weight`)
) ENGINE=InnoDB DEFAULT CHARSET=utf8;

-- --------------------------------------------------------

--
-- Tabellenstruktur für Tabelle `lehr_finder_links_terms5`
--

CREATE TABLE IF NOT EXISTS `lehr_finder_links_terms5` (
  `link_id` int(10) unsigned NOT NULL,
  `term_id` int(10) unsigned NOT NULL,
  `weight` float unsigned NOT NULL,
  PRIMARY KEY (`link_id`,`term_id`),
  KEY `idx_term_weight` (`term_id`,`weight`),
  KEY `idx_link_term_weight` (`link_id`,`term_id`,`weight`)
) ENGINE=InnoDB DEFAULT CHARSET=utf8;

-- --------------------------------------------------------

--
-- Tabellenstruktur für Tabelle `lehr_finder_links_terms6`
--

CREATE TABLE IF NOT EXISTS `lehr_finder_links_terms6` (
  `link_id` int(10) unsigned NOT NULL,
  `term_id` int(10) unsigned NOT NULL,
  `weight` float unsigned NOT NULL,
  PRIMARY KEY (`link_id`,`term_id`),
  KEY `idx_term_weight` (`term_id`,`weight`),
  KEY `idx_link_term_weight` (`link_id`,`term_id`,`weight`)
) ENGINE=InnoDB DEFAULT CHARSET=utf8;

-- --------------------------------------------------------

--
-- Tabellenstruktur für Tabelle `lehr_finder_links_terms7`
--

CREATE TABLE IF NOT EXISTS `lehr_finder_links_terms7` (
  `link_id` int(10) unsigned NOT NULL,
  `term_id` int(10) unsigned NOT NULL,
  `weight` float unsigned NOT NULL,
  PRIMARY KEY (`link_id`,`term_id`),
  KEY `idx_term_weight` (`term_id`,`weight`),
  KEY `idx_link_term_weight` (`link_id`,`term_id`,`weight`)
) ENGINE=InnoDB DEFAULT CHARSET=utf8;

-- --------------------------------------------------------

--
-- Tabellenstruktur für Tabelle `lehr_finder_links_terms8`
--

CREATE TABLE IF NOT EXISTS `lehr_finder_links_terms8` (
  `link_id` int(10) unsigned NOT NULL,
  `term_id` int(10) unsigned NOT NULL,
  `weight` float unsigned NOT NULL,
  PRIMARY KEY (`link_id`,`term_id`),
  KEY `idx_term_weight` (`term_id`,`weight`),
  KEY `idx_link_term_weight` (`link_id`,`term_id`,`weight`)
) ENGINE=InnoDB DEFAULT CHARSET=utf8;

-- --------------------------------------------------------

--
-- Tabellenstruktur für Tabelle `lehr_finder_links_terms9`
--

CREATE TABLE IF NOT EXISTS `lehr_finder_links_terms9` (
  `link_id` int(10) unsigned NOT NULL,
  `term_id` int(10) unsigned NOT NULL,
  `weight` float unsigned NOT NULL,
  PRIMARY KEY (`link_id`,`term_id`),
  KEY `idx_term_weight` (`term_id`,`weight`),
  KEY `idx_link_term_weight` (`link_id`,`term_id`,`weight`)
) ENGINE=InnoDB DEFAULT CHARSET=utf8;

-- --------------------------------------------------------

--
-- Tabellenstruktur für Tabelle `lehr_finder_links_termsa`
--

CREATE TABLE IF NOT EXISTS `lehr_finder_links_termsa` (
  `link_id` int(10) unsigned NOT NULL,
  `term_id` int(10) unsigned NOT NULL,
  `weight` float unsigned NOT NULL,
  PRIMARY KEY (`link_id`,`term_id`),
  KEY `idx_term_weight` (`term_id`,`weight`),
  KEY `idx_link_term_weight` (`link_id`,`term_id`,`weight`)
) ENGINE=InnoDB DEFAULT CHARSET=utf8;

-- --------------------------------------------------------

--
-- Tabellenstruktur für Tabelle `lehr_finder_links_termsb`
--

CREATE TABLE IF NOT EXISTS `lehr_finder_links_termsb` (
  `link_id` int(10) unsigned NOT NULL,
  `term_id` int(10) unsigned NOT NULL,
  `weight` float unsigned NOT NULL,
  PRIMARY KEY (`link_id`,`term_id`),
  KEY `idx_term_weight` (`term_id`,`weight`),
  KEY `idx_link_term_weight` (`link_id`,`term_id`,`weight`)
) ENGINE=InnoDB DEFAULT CHARSET=utf8;

-- --------------------------------------------------------

--
-- Tabellenstruktur für Tabelle `lehr_finder_links_termsc`
--

CREATE TABLE IF NOT EXISTS `lehr_finder_links_termsc` (
  `link_id` int(10) unsigned NOT NULL,
  `term_id` int(10) unsigned NOT NULL,
  `weight` float unsigned NOT NULL,
  PRIMARY KEY (`link_id`,`term_id`),
  KEY `idx_term_weight` (`term_id`,`weight`),
  KEY `idx_link_term_weight` (`link_id`,`term_id`,`weight`)
) ENGINE=InnoDB DEFAULT CHARSET=utf8;

-- --------------------------------------------------------

--
-- Tabellenstruktur für Tabelle `lehr_finder_links_termsd`
--

CREATE TABLE IF NOT EXISTS `lehr_finder_links_termsd` (
  `link_id` int(10) unsigned NOT NULL,
  `term_id` int(10) unsigned NOT NULL,
  `weight` float unsigned NOT NULL,
  PRIMARY KEY (`link_id`,`term_id`),
  KEY `idx_term_weight` (`term_id`,`weight`),
  KEY `idx_link_term_weight` (`link_id`,`term_id`,`weight`)
) ENGINE=InnoDB DEFAULT CHARSET=utf8;

-- --------------------------------------------------------

--
-- Tabellenstruktur für Tabelle `lehr_finder_links_termse`
--

CREATE TABLE IF NOT EXISTS `lehr_finder_links_termse` (
  `link_id` int(10) unsigned NOT NULL,
  `term_id` int(10) unsigned NOT NULL,
  `weight` float unsigned NOT NULL,
  PRIMARY KEY (`link_id`,`term_id`),
  KEY `idx_term_weight` (`term_id`,`weight`),
  KEY `idx_link_term_weight` (`link_id`,`term_id`,`weight`)
) ENGINE=InnoDB DEFAULT CHARSET=utf8;

-- --------------------------------------------------------

--
-- Tabellenstruktur für Tabelle `lehr_finder_links_termsf`
--

CREATE TABLE IF NOT EXISTS `lehr_finder_links_termsf` (
  `link_id` int(10) unsigned NOT NULL,
  `term_id` int(10) unsigned NOT NULL,
  `weight` float unsigned NOT NULL,
  PRIMARY KEY (`link_id`,`term_id`),
  KEY `idx_term_weight` (`term_id`,`weight`),
  KEY `idx_link_term_weight` (`link_id`,`term_id`,`weight`)
) ENGINE=InnoDB DEFAULT CHARSET=utf8;

-- --------------------------------------------------------

--
-- Tabellenstruktur für Tabelle `lehr_finder_taxonomy`
--

CREATE TABLE IF NOT EXISTS `lehr_finder_taxonomy` (
  `id` int(10) unsigned NOT NULL AUTO_INCREMENT,
  `parent_id` int(10) unsigned NOT NULL DEFAULT '0',
  `title` varchar(255) NOT NULL,
  `state` tinyint(1) unsigned NOT NULL DEFAULT '1',
  `access` tinyint(1) unsigned NOT NULL DEFAULT '0',
  `ordering` tinyint(1) unsigned NOT NULL DEFAULT '0',
  PRIMARY KEY (`id`),
  KEY `parent_id` (`parent_id`),
  KEY `state` (`state`),
  KEY `ordering` (`ordering`),
  KEY `access` (`access`),
  KEY `idx_parent_published` (`parent_id`,`state`,`access`)
) ENGINE=InnoDB  DEFAULT CHARSET=utf8 AUTO_INCREMENT=2 ;

--
-- Daten für Tabelle `lehr_finder_taxonomy`
--

INSERT INTO `lehr_finder_taxonomy` (`id`, `parent_id`, `title`, `state`, `access`, `ordering`) VALUES
(1, 0, 'ROOT', 0, 0, 0);

-- --------------------------------------------------------

--
-- Tabellenstruktur für Tabelle `lehr_finder_taxonomy_map`
--

CREATE TABLE IF NOT EXISTS `lehr_finder_taxonomy_map` (
  `link_id` int(10) unsigned NOT NULL,
  `node_id` int(10) unsigned NOT NULL,
  PRIMARY KEY (`link_id`,`node_id`),
  KEY `link_id` (`link_id`),
  KEY `node_id` (`node_id`)
) ENGINE=InnoDB DEFAULT CHARSET=utf8;

-- --------------------------------------------------------

--
-- Tabellenstruktur für Tabelle `lehr_finder_terms`
--

CREATE TABLE IF NOT EXISTS `lehr_finder_terms` (
  `term_id` int(10) unsigned NOT NULL AUTO_INCREMENT,
  `term` varchar(75) NOT NULL,
  `stem` varchar(75) NOT NULL,
  `common` tinyint(1) unsigned NOT NULL DEFAULT '0',
  `phrase` tinyint(1) unsigned NOT NULL DEFAULT '0',
  `weight` float unsigned NOT NULL DEFAULT '0',
  `soundex` varchar(75) NOT NULL,
  `links` int(10) NOT NULL DEFAULT '0',
  `language` char(3) NOT NULL DEFAULT '',
  PRIMARY KEY (`term_id`),
  UNIQUE KEY `idx_term` (`term`),
  KEY `idx_term_phrase` (`term`,`phrase`),
  KEY `idx_stem_phrase` (`stem`,`phrase`),
  KEY `idx_soundex_phrase` (`soundex`,`phrase`)
) ENGINE=InnoDB DEFAULT CHARSET=utf8 AUTO_INCREMENT=1 ;

-- --------------------------------------------------------

--
-- Tabellenstruktur für Tabelle `lehr_finder_terms_common`
--

CREATE TABLE IF NOT EXISTS `lehr_finder_terms_common` (
  `term` varchar(75) NOT NULL,
  `language` varchar(3) NOT NULL,
  KEY `idx_word_lang` (`term`,`language`),
  KEY `idx_lang` (`language`)
) ENGINE=InnoDB DEFAULT CHARSET=utf8;

--
-- Daten für Tabelle `lehr_finder_terms_common`
--

INSERT INTO `lehr_finder_terms_common` (`term`, `language`) VALUES
('a', 'en'),
('about', 'en'),
('after', 'en'),
('ago', 'en'),
('all', 'en'),
('am', 'en'),
('an', 'en'),
('and', 'en'),
('ani', 'en'),
('any', 'en'),
('are', 'en'),
('aren''t', 'en'),
('as', 'en'),
('at', 'en'),
('be', 'en'),
('but', 'en'),
('by', 'en'),
('for', 'en'),
('from', 'en'),
('get', 'en'),
('go', 'en'),
('how', 'en'),
('if', 'en'),
('in', 'en'),
('into', 'en'),
('is', 'en'),
('isn''t', 'en'),
('it', 'en'),
('its', 'en'),
('me', 'en'),
('more', 'en'),
('most', 'en'),
('must', 'en'),
('my', 'en'),
('new', 'en'),
('no', 'en'),
('none', 'en'),
('not', 'en'),
('noth', 'en'),
('nothing', 'en'),
('of', 'en'),
('off', 'en'),
('often', 'en'),
('old', 'en'),
('on', 'en'),
('onc', 'en'),
('once', 'en'),
('onli', 'en'),
('only', 'en'),
('or', 'en'),
('other', 'en'),
('our', 'en'),
('ours', 'en'),
('out', 'en'),
('over', 'en'),
('page', 'en'),
('she', 'en'),
('should', 'en'),
('small', 'en'),
('so', 'en'),
('some', 'en'),
('than', 'en'),
('thank', 'en'),
('that', 'en'),
('the', 'en'),
('their', 'en'),
('theirs', 'en'),
('them', 'en'),
('then', 'en'),
('there', 'en'),
('these', 'en'),
('they', 'en'),
('this', 'en'),
('those', 'en'),
('thus', 'en'),
('time', 'en'),
('times', 'en'),
('to', 'en'),
('too', 'en'),
('true', 'en'),
('under', 'en'),
('until', 'en'),
('up', 'en'),
('upon', 'en'),
('use', 'en'),
('user', 'en'),
('users', 'en'),
('veri', 'en'),
('version', 'en'),
('very', 'en'),
('via', 'en'),
('want', 'en'),
('was', 'en'),
('way', 'en'),
('were', 'en'),
('what', 'en'),
('when', 'en'),
('where', 'en'),
('whi', 'en'),
('which', 'en'),
('who', 'en'),
('whom', 'en'),
('whose', 'en'),
('why', 'en'),
('wide', 'en'),
('will', 'en'),
('with', 'en'),
('within', 'en'),
('without', 'en'),
('would', 'en'),
('yes', 'en'),
('yet', 'en'),
('you', 'en'),
('your', 'en'),
('yours', 'en');

-- --------------------------------------------------------

--
-- Tabellenstruktur für Tabelle `lehr_finder_tokens`
--

CREATE TABLE IF NOT EXISTS `lehr_finder_tokens` (
  `term` varchar(75) NOT NULL,
  `stem` varchar(75) NOT NULL,
  `common` tinyint(1) unsigned NOT NULL DEFAULT '0',
  `phrase` tinyint(1) unsigned NOT NULL DEFAULT '0',
  `weight` float unsigned NOT NULL DEFAULT '1',
  `context` tinyint(1) unsigned NOT NULL DEFAULT '2',
  `language` char(3) NOT NULL DEFAULT '',
  KEY `idx_word` (`term`),
  KEY `idx_context` (`context`)
) ENGINE=MEMORY DEFAULT CHARSET=utf8;

-- --------------------------------------------------------

--
-- Tabellenstruktur für Tabelle `lehr_finder_tokens_aggregate`
--

CREATE TABLE IF NOT EXISTS `lehr_finder_tokens_aggregate` (
  `term_id` int(10) unsigned NOT NULL,
  `map_suffix` char(1) NOT NULL,
  `term` varchar(75) NOT NULL,
  `stem` varchar(75) NOT NULL,
  `common` tinyint(1) unsigned NOT NULL DEFAULT '0',
  `phrase` tinyint(1) unsigned NOT NULL DEFAULT '0',
  `term_weight` float unsigned NOT NULL,
  `context` tinyint(1) unsigned NOT NULL DEFAULT '2',
  `context_weight` float unsigned NOT NULL,
  `total_weight` float unsigned NOT NULL,
  `language` char(3) NOT NULL DEFAULT '',
  KEY `token` (`term`),
  KEY `keyword_id` (`term_id`)
) ENGINE=MEMORY DEFAULT CHARSET=utf8;

-- --------------------------------------------------------

--
-- Tabellenstruktur für Tabelle `lehr_finder_types`
--

CREATE TABLE IF NOT EXISTS `lehr_finder_types` (
  `id` int(10) unsigned NOT NULL AUTO_INCREMENT,
  `title` varchar(100) NOT NULL,
  `mime` varchar(100) NOT NULL,
  PRIMARY KEY (`id`),
  UNIQUE KEY `title` (`title`)
) ENGINE=InnoDB DEFAULT CHARSET=utf8 AUTO_INCREMENT=1 ;

-- --------------------------------------------------------

--
-- Tabellenstruktur für Tabelle `lehr_languages`
--

CREATE TABLE IF NOT EXISTS `lehr_languages` (
  `lang_id` int(11) unsigned NOT NULL AUTO_INCREMENT,
  `lang_code` char(7) NOT NULL,
  `title` varchar(50) NOT NULL,
  `title_native` varchar(50) NOT NULL,
  `sef` varchar(50) NOT NULL,
  `image` varchar(50) NOT NULL,
  `description` varchar(512) NOT NULL,
  `metakey` text NOT NULL,
  `metadesc` text NOT NULL,
  `sitename` varchar(1024) NOT NULL,
  `published` int(11) NOT NULL DEFAULT '0',
  `access` int(10) unsigned NOT NULL DEFAULT '0',
  `ordering` int(11) NOT NULL DEFAULT '0',
  PRIMARY KEY (`lang_id`),
  UNIQUE KEY `idx_sef` (`sef`),
  UNIQUE KEY `idx_image` (`image`),
  UNIQUE KEY `idx_langcode` (`lang_code`),
  KEY `idx_ordering` (`ordering`)
) ENGINE=InnoDB  DEFAULT CHARSET=utf8 AUTO_INCREMENT=3 ;

--
-- Daten für Tabelle `lehr_languages`
--

INSERT INTO `lehr_languages` (`lang_id`, `lang_code`, `title`, `title_native`, `sef`, `image`, `description`, `metakey`, `metadesc`, `sitename`, `published`, `access`, `ordering`) VALUES
(1, 'en-GB', 'English (UK)', 'English (UK)', 'en', 'en', '', '', '', '', 1, 0, 1),
(2, 'de-DE', 'German (DE-CH-AT)', 'Deutsch', 'de', 'de', '', '', '', '', 1, 0, 2);

-- --------------------------------------------------------

--
-- Tabellenstruktur für Tabelle `lehr_menu`
--

CREATE TABLE IF NOT EXISTS `lehr_menu` (
  `id` int(11) NOT NULL AUTO_INCREMENT,
  `menutype` varchar(24) NOT NULL COMMENT 'The type of menu this item belongs to. FK to #__menu_types.menutype',
  `title` varchar(255) NOT NULL COMMENT 'The display title of the menu item.',
  `alias` varchar(255) CHARACTER SET utf8 COLLATE utf8_bin NOT NULL COMMENT 'The SEF alias of the menu item.',
  `note` varchar(255) NOT NULL DEFAULT '',
  `path` varchar(1024) NOT NULL COMMENT 'The computed path of the menu item based on the alias field.',
  `link` varchar(1024) NOT NULL COMMENT 'The actually link the menu item refers to.',
  `type` varchar(16) NOT NULL COMMENT 'The type of link: Component, URL, Alias, Separator',
  `published` tinyint(4) NOT NULL DEFAULT '0' COMMENT 'The published state of the menu link.',
  `parent_id` int(10) unsigned NOT NULL DEFAULT '1' COMMENT 'The parent menu item in the menu tree.',
  `level` int(10) unsigned NOT NULL DEFAULT '0' COMMENT 'The relative level in the tree.',
  `component_id` int(10) unsigned NOT NULL DEFAULT '0' COMMENT 'FK to #__extensions.id',
  `checked_out` int(10) unsigned NOT NULL DEFAULT '0' COMMENT 'FK to #__users.id',
  `checked_out_time` timestamp NOT NULL DEFAULT '0000-00-00 00:00:00' COMMENT 'The time the menu item was checked out.',
  `browserNav` tinyint(4) NOT NULL DEFAULT '0' COMMENT 'The click behaviour of the link.',
  `access` int(10) unsigned NOT NULL DEFAULT '0' COMMENT 'The access level required to view the menu item.',
  `img` varchar(255) NOT NULL COMMENT 'The image of the menu item.',
  `template_style_id` int(10) unsigned NOT NULL DEFAULT '0',
  `params` text NOT NULL COMMENT 'JSON encoded data for the menu item.',
  `lft` int(11) NOT NULL DEFAULT '0' COMMENT 'Nested set lft.',
  `rgt` int(11) NOT NULL DEFAULT '0' COMMENT 'Nested set rgt.',
  `home` tinyint(3) unsigned NOT NULL DEFAULT '0' COMMENT 'Indicates if this menu item is the home or default page.',
  `language` char(7) NOT NULL DEFAULT '',
  `client_id` tinyint(4) NOT NULL DEFAULT '0',
  PRIMARY KEY (`id`),
  UNIQUE KEY `idx_client_id_parent_id_alias_language` (`client_id`,`parent_id`,`alias`,`language`),
  KEY `idx_componentid` (`component_id`,`menutype`,`published`,`access`),
  KEY `idx_menutype` (`menutype`),
  KEY `idx_left_right` (`lft`,`rgt`),
  KEY `idx_alias` (`alias`),
  KEY `idx_path` (`path`(255)),
  KEY `idx_language` (`language`)
) ENGINE=InnoDB  DEFAULT CHARSET=utf8 AUTO_INCREMENT=113 ;

--
-- Daten für Tabelle `lehr_menu`
--

INSERT INTO `lehr_menu` (`id`, `menutype`, `title`, `alias`, `note`, `path`, `link`, `type`, `published`, `parent_id`, `level`, `component_id`, `checked_out`, `checked_out_time`, `browserNav`, `access`, `img`, `template_style_id`, `params`, `lft`, `rgt`, `home`, `language`, `client_id`) VALUES
(1, '', 'Menu_Item_Root', 'root', '', '', '', '', 1, 0, 0, 0, 0, '0000-00-00 00:00:00', 0, 0, '', 0, '', 0, 61, 0, '*', 0),
(2, 'menu', 'com_banners', 'Banners', '', 'Banners', 'index.php?option=com_banners', 'component', 0, 1, 1, 4, 0, '0000-00-00 00:00:00', 0, 0, 'class:banners', 0, '', 1, 10, 0, '*', 1),
(3, 'menu', 'com_banners', 'Banners', '', 'Banners/Banners', 'index.php?option=com_banners', 'component', 0, 2, 2, 4, 0, '0000-00-00 00:00:00', 0, 0, 'class:banners', 0, '', 2, 3, 0, '*', 1),
(4, 'menu', 'com_banners_categories', 'Categories', '', 'Banners/Categories', 'index.php?option=com_categories&extension=com_banners', 'component', 0, 2, 2, 6, 0, '0000-00-00 00:00:00', 0, 0, 'class:banners-cat', 0, '', 4, 5, 0, '*', 1),
(5, 'menu', 'com_banners_clients', 'Clients', '', 'Banners/Clients', 'index.php?option=com_banners&view=clients', 'component', 0, 2, 2, 4, 0, '0000-00-00 00:00:00', 0, 0, 'class:banners-clients', 0, '', 6, 7, 0, '*', 1),
(6, 'menu', 'com_banners_tracks', 'Tracks', '', 'Banners/Tracks', 'index.php?option=com_banners&view=tracks', 'component', 0, 2, 2, 4, 0, '0000-00-00 00:00:00', 0, 0, 'class:banners-tracks', 0, '', 8, 9, 0, '*', 1),
(7, 'menu', 'com_contact', 'Contacts', '', 'Contacts', 'index.php?option=com_contact', 'component', 0, 1, 1, 8, 0, '0000-00-00 00:00:00', 0, 0, 'class:contact', 0, '', 11, 16, 0, '*', 1),
(8, 'menu', 'com_contact', 'Contacts', '', 'Contacts/Contacts', 'index.php?option=com_contact', 'component', 0, 7, 2, 8, 0, '0000-00-00 00:00:00', 0, 0, 'class:contact', 0, '', 12, 13, 0, '*', 1),
(9, 'menu', 'com_contact_categories', 'Categories', '', 'Contacts/Categories', 'index.php?option=com_categories&extension=com_contact', 'component', 0, 7, 2, 6, 0, '0000-00-00 00:00:00', 0, 0, 'class:contact-cat', 0, '', 14, 15, 0, '*', 1),
(10, 'menu', 'com_messages', 'Messaging', '', 'Messaging', 'index.php?option=com_messages', 'component', 0, 1, 1, 15, 0, '0000-00-00 00:00:00', 0, 0, 'class:messages', 0, '', 17, 22, 0, '*', 1),
(11, 'menu', 'com_messages_add', 'New Private Message', '', 'Messaging/New Private Message', 'index.php?option=com_messages&task=message.add', 'component', 0, 10, 2, 15, 0, '0000-00-00 00:00:00', 0, 0, 'class:messages-add', 0, '', 18, 19, 0, '*', 1),
(12, 'menu', 'com_messages_read', 'Read Private Message', '', 'Messaging/Read Private Message', 'index.php?option=com_messages', 'component', 0, 10, 2, 15, 0, '0000-00-00 00:00:00', 0, 0, 'class:messages-read', 0, '', 20, 21, 0, '*', 1),
(13, 'menu', 'com_newsfeeds', 'News Feeds', '', 'News Feeds', 'index.php?option=com_newsfeeds', 'component', 0, 1, 1, 17, 0, '0000-00-00 00:00:00', 0, 0, 'class:newsfeeds', 0, '', 23, 28, 0, '*', 1),
(14, 'menu', 'com_newsfeeds_feeds', 'Feeds', '', 'News Feeds/Feeds', 'index.php?option=com_newsfeeds', 'component', 0, 13, 2, 17, 0, '0000-00-00 00:00:00', 0, 0, 'class:newsfeeds', 0, '', 24, 25, 0, '*', 1),
(15, 'menu', 'com_newsfeeds_categories', 'Categories', '', 'News Feeds/Categories', 'index.php?option=com_categories&extension=com_newsfeeds', 'component', 0, 13, 2, 6, 0, '0000-00-00 00:00:00', 0, 0, 'class:newsfeeds-cat', 0, '', 26, 27, 0, '*', 1),
(16, 'menu', 'com_redirect', 'Redirect', '', 'Redirect', 'index.php?option=com_redirect', 'component', 0, 1, 1, 24, 0, '0000-00-00 00:00:00', 0, 0, 'class:redirect', 0, '', 37, 38, 0, '*', 1),
(17, 'menu', 'com_search', 'Search', '', 'Search', 'index.php?option=com_search', 'component', 0, 1, 1, 19, 0, '0000-00-00 00:00:00', 0, 0, 'class:search', 0, '', 29, 30, 0, '*', 1),
(18, 'menu', 'com_weblinks', 'Weblinks', '', 'Weblinks', 'index.php?option=com_weblinks', 'component', 0, 1, 1, 21, 0, '0000-00-00 00:00:00', 0, 0, 'class:weblinks', 0, '', 31, 36, 0, '*', 1),
(19, 'menu', 'com_weblinks_links', 'Links', '', 'Weblinks/Links', 'index.php?option=com_weblinks', 'component', 0, 18, 2, 21, 0, '0000-00-00 00:00:00', 0, 0, 'class:weblinks', 0, '', 32, 33, 0, '*', 1),
(20, 'menu', 'com_weblinks_categories', 'Categories', '', 'Weblinks/Categories', 'index.php?option=com_categories&extension=com_weblinks', 'component', 0, 18, 2, 6, 0, '0000-00-00 00:00:00', 0, 0, 'class:weblinks-cat', 0, '', 34, 35, 0, '*', 1),
(23, 'main', 'com_tags', 'Tags', '', 'Tags', 'index.php?option=com_tags', 'component', 0, 1, 1, 29, 0, '0000-00-00 00:00:00', 0, 1, 'class:tags', 0, '', 45, 46, 0, '', 1),
(101, 'startseitenmenu', 'Il Castagneto', 'il-castagneto-startseite', '', 'il-castagneto-startseite', 'index.php?option=com_content&view=featured', 'component', 1, 1, 1, 22, 0, '0000-00-00 00:00:00', 0, 1, '', 8, '{"featured_categories":["2"],"layout_type":"blog","num_leading_articles":"1","num_intro_articles":"3","num_columns":"3","num_links":"0","multi_column_order":"1","orderby_pri":"","orderby_sec":"front","order_date":"","show_pagination":"2","show_pagination_results":"1","show_title":"0","link_titles":"","show_intro":"","show_category":"0","link_category":"","show_parent_category":"","link_parent_category":"","show_author":"","link_author":"","show_create_date":"","show_modify_date":"","show_publish_date":"","show_item_navigation":"","show_vote":"","show_readmore":"","show_readmore_title":"","show_icons":"","show_print_icon":"","show_email_icon":"","show_hits":"","show_noauth":"","show_feed_link":"1","feed_summary":"","menu-anchor_title":"","menu-anchor_css":"","menu_image":"","menu_text":1,"page_title":"","show_page_heading":0,"page_heading":"","pageclass_sfx":"","menu-meta_description":"","menu-meta_keywords":"","robots":"","secure":0}', 57, 58, 1, '*', 0),
(102, 'topmenu', 'IL CASTAGNETO', 'il-castagneto', '', 'il-castagneto', 'index.php?option=com_content&view=category&layout=blog&id=7', 'component', 1, 1, 1, 22, 0, '0000-00-00 00:00:00', 0, 1, '', 0, '{"layout_type":"blog","show_category_heading_title_text":"","show_category_title":"","show_description":"","show_description_image":"","maxLevel":"","show_empty_categories":"","show_no_articles":"","show_subcat_desc":"","show_cat_num_articles":"","page_subheading":"","num_leading_articles":"0","num_intro_articles":"2","num_columns":"2","num_links":"0","multi_column_order":"1","show_subcategory_content":"","orderby_pri":"","orderby_sec":"front","order_date":"","show_pagination":"2","show_pagination_results":"","show_title":"","link_titles":"","show_intro":"","info_block_position":"","show_category":"","link_category":"","show_parent_category":"","link_parent_category":"","show_author":"","link_author":"","show_create_date":"","show_modify_date":"","show_publish_date":"","show_item_navigation":"","show_vote":"","show_readmore":"","show_readmore_title":"","show_icons":"","show_print_icon":"","show_email_icon":"","show_hits":"","show_noauth":"","show_feed_link":"","feed_summary":"","menu-anchor_title":"","menu-anchor_css":"","menu_image":"","menu_text":1,"page_title":"","show_page_heading":0,"page_heading":"","pageclass_sfx":"","menu-meta_description":"","menu-meta_keywords":"","robots":"","secure":0}', 41, 42, 0, '*', 0),
(103, 'topmenu', 'VAL PELLICE', 'val-pellice', '', 'val-pellice', 'index.php?option=com_content&view=category&layout=blog&id=8', 'component', 1, 1, 1, 22, 0, '0000-00-00 00:00:00', 0, 1, '', 0, '{"layout_type":"blog","show_category_title":"","show_description":"","show_description_image":"","maxLevel":"","show_empty_categories":"","show_no_articles":"","show_subcat_desc":"","show_cat_num_articles":"","page_subheading":"","num_leading_articles":"0","num_intro_articles":"2","num_columns":"2","num_links":"0","multi_column_order":"1","show_subcategory_content":"","orderby_pri":"","orderby_sec":"front","order_date":"","show_pagination":"2","show_pagination_results":"","show_title":"","link_titles":"","show_intro":"","show_category":"","link_category":"","show_parent_category":"","link_parent_category":"","show_author":"","link_author":"","show_create_date":"","show_modify_date":"","show_publish_date":"","show_item_navigation":"","show_vote":"","show_readmore":"","show_readmore_title":"","show_icons":"","show_print_icon":"","show_email_icon":"","show_hits":"","show_noauth":"","show_feed_link":"","feed_summary":"","menu-anchor_title":"","menu-anchor_css":"","menu_image":"","menu_text":1,"page_title":"","show_page_heading":0,"page_heading":"","pageclass_sfx":"","menu-meta_description":"","menu-meta_keywords":"","robots":"","secure":0}', 43, 44, 0, '*', 0),
(105, 'topmenu', 'DIE WALDENSER TÄLER', 'die-waldenser-taeler', '', 'die-waldenser-taeler', 'index.php?option=com_content&view=category&layout=blog&id=9', 'component', 1, 1, 1, 22, 0, '0000-00-00 00:00:00', 0, 1, '', 0, '{"layout_type":"blog","show_category_title":"","show_description":"","show_description_image":"","maxLevel":"","show_empty_categories":"","show_no_articles":"","show_subcat_desc":"","show_cat_num_articles":"","page_subheading":"","num_leading_articles":"0","num_intro_articles":"2","num_columns":"2","num_links":"0","multi_column_order":"1","show_subcategory_content":"","orderby_pri":"","orderby_sec":"front","order_date":"","show_pagination":"2","show_pagination_results":"","show_title":"","link_titles":"","show_intro":"","show_category":"","link_category":"","show_parent_category":"","link_parent_category":"","show_author":"","link_author":"","show_create_date":"","show_modify_date":"","show_publish_date":"","show_item_navigation":"","show_vote":"","show_readmore":"","show_readmore_title":"","show_icons":"","show_print_icon":"","show_email_icon":"","show_hits":"","show_noauth":"","show_feed_link":"","feed_summary":"","menu-anchor_title":"","menu-anchor_css":"","menu_image":"","menu_text":1,"page_title":"","show_page_heading":0,"page_heading":"","pageclass_sfx":"","menu-meta_description":"","menu-meta_keywords":"","robots":"","secure":0}', 45, 46, 0, '*', 0),
(106, 'topmenu', 'ANGEBOTE', 'angebote', '', 'angebote', 'index.php?option=com_content&view=category&layout=blog&id=10', 'component', 1, 1, 1, 22, 0, '0000-00-00 00:00:00', 0, 1, '', 0, '{"layout_type":"blog","show_category_title":"","show_description":"","show_description_image":"","maxLevel":"","show_empty_categories":"","show_no_articles":"","show_subcat_desc":"","show_cat_num_articles":"","page_subheading":"","num_leading_articles":"0","num_intro_articles":"2","num_columns":"2","num_links":"0","multi_column_order":"1","show_subcategory_content":"","orderby_pri":"","orderby_sec":"front","order_date":"","show_pagination":"2","show_pagination_results":"","show_title":"","link_titles":"","show_intro":"","show_category":"","link_category":"","show_parent_category":"","link_parent_category":"","show_author":"","link_author":"","show_create_date":"","show_modify_date":"","show_publish_date":"","show_item_navigation":"","show_vote":"","show_readmore":"","show_readmore_title":"","show_icons":"","show_print_icon":"","show_email_icon":"","show_hits":"","show_noauth":"","show_feed_link":"","feed_summary":"","menu-anchor_title":"","menu-anchor_css":"","menu_image":"","menu_text":1,"page_title":"","show_page_heading":0,"page_heading":"","pageclass_sfx":"","menu-meta_description":"","menu-meta_keywords":"","robots":"","secure":0}', 47, 48, 0, '*', 0),
(107, 'topmenu', 'KONTAKT / ANREISE', 'kontakt--anreise', '', 'kontakt--anreise', 'index.php?option=com_content&view=category&layout=blog&id=11', 'component', 1, 1, 1, 22, 0, '0000-00-00 00:00:00', 0, 1, '', 0, '{"layout_type":"blog","show_category_title":"","show_description":"","show_description_image":"","maxLevel":"","show_empty_categories":"","show_no_articles":"","show_subcat_desc":"","show_cat_num_articles":"","page_subheading":"","num_leading_articles":"0","num_intro_articles":"2","num_columns":"2","num_links":"0","multi_column_order":"1","show_subcategory_content":"","orderby_pri":"","orderby_sec":"front","order_date":"","show_pagination":"2","show_pagination_results":"","show_title":"","link_titles":"","show_intro":"","show_category":"","link_category":"","show_parent_category":"","link_parent_category":"","show_author":"","link_author":"","show_create_date":"","show_modify_date":"","show_publish_date":"","show_item_navigation":"","show_vote":"","show_readmore":"","show_readmore_title":"","show_icons":"","show_print_icon":"","show_email_icon":"","show_hits":"","show_noauth":"","show_feed_link":"","feed_summary":"","menu-anchor_title":"","menu-anchor_css":"","menu_image":"","menu_text":1,"page_title":"","show_page_heading":0,"page_heading":"","pageclass_sfx":"","menu-meta_description":"","menu-meta_keywords":"","robots":"","secure":0}', 49, 50, 0, '*', 0),
(109, 'main', 'com_joomlaupdate', 'com-joomlaupdate', '', 'com-joomlaupdate', 'index.php?option=com_joomlaupdate', 'component', 0, 1, 1, 10038, 0, '0000-00-00 00:00:00', 0, 1, 'class:component', 0, '', 51, 52, 0, '', 1),
(110, 'main', 'COM_FINDER', 'com-finder', '', 'com-finder', 'index.php?option=com_finder', 'component', 0, 1, 1, 10037, 0, '0000-00-00 00:00:00', 0, 1, 'class:finder', 0, '', 53, 54, 0, '', 1),
(111, 'startseitenmenu', 'Abmelden', 'abmelden', '', 'abmelden', 'index.php?option=com_users&view=login', 'component', 1, 1, 1, 25, 0, '0000-00-00 00:00:00', 0, 2, '', 0, '{"login_redirect_url":"","logindescription_show":"1","login_description":"","login_image":"","logout_redirect_url":"","logoutdescription_show":"1","logout_description":"","logout_image":"","menu-anchor_title":"","menu-anchor_css":"","menu_image":"","menu_text":1,"page_title":"","show_page_heading":0,"page_heading":"","pageclass_sfx":"","menu-meta_description":"","menu-meta_keywords":"","robots":"","secure":0}', 55, 56, 0, '*', 0),
(112, 'anmeldemenu', 'Anmelden', 'anmelden', '', 'anmelden', 'index.php?option=com_users&view=login', 'component', 1, 1, 1, 25, 0, '0000-00-00 00:00:00', 0, 1, '', 0, '{"login_redirect_url":"index.php","logindescription_show":"0","login_description":"","login_image":"","logout_redirect_url":"","logoutdescription_show":"1","logout_description":"","logout_image":"","menu-anchor_title":"","menu-anchor_css":"","menu_image":"","menu_text":1,"page_title":"","show_page_heading":0,"page_heading":"","pageclass_sfx":"","menu-meta_description":"","menu-meta_keywords":"","robots":"","secure":0}', 59, 60, 0, '*', 0);

-- --------------------------------------------------------

--
-- Tabellenstruktur für Tabelle `lehr_menu_types`
--

CREATE TABLE IF NOT EXISTS `lehr_menu_types` (
  `id` int(10) unsigned NOT NULL AUTO_INCREMENT,
  `menutype` varchar(24) NOT NULL,
  `title` varchar(48) NOT NULL,
  `description` varchar(255) NOT NULL DEFAULT '',
  PRIMARY KEY (`id`),
  UNIQUE KEY `idx_menutype` (`menutype`)
) ENGINE=InnoDB  DEFAULT CHARSET=utf8 AUTO_INCREMENT=5 ;

--
-- Daten für Tabelle `lehr_menu_types`
--

INSERT INTO `lehr_menu_types` (`id`, `menutype`, `title`, `description`) VALUES
(2, 'topmenu', 'Menü oben', ''),
(3, 'startseitenmenu', 'Startseitenmenü', ''),
(4, 'anmeldemenu', 'Anmeldemenü', '');

-- --------------------------------------------------------

--
-- Tabellenstruktur für Tabelle `lehr_messages`
--

CREATE TABLE IF NOT EXISTS `lehr_messages` (
  `message_id` int(10) unsigned NOT NULL AUTO_INCREMENT,
  `user_id_from` int(10) unsigned NOT NULL DEFAULT '0',
  `user_id_to` int(10) unsigned NOT NULL DEFAULT '0',
  `folder_id` tinyint(3) unsigned NOT NULL DEFAULT '0',
  `date_time` datetime NOT NULL DEFAULT '0000-00-00 00:00:00',
  `state` tinyint(1) NOT NULL DEFAULT '0',
  `priority` tinyint(1) unsigned NOT NULL DEFAULT '0',
  `subject` varchar(255) NOT NULL DEFAULT '',
  `message` text NOT NULL,
  PRIMARY KEY (`message_id`),
  KEY `useridto_state` (`user_id_to`,`state`)
) ENGINE=InnoDB DEFAULT CHARSET=utf8 AUTO_INCREMENT=1 ;

-- --------------------------------------------------------

--
-- Tabellenstruktur für Tabelle `lehr_messages_cfg`
--

CREATE TABLE IF NOT EXISTS `lehr_messages_cfg` (
  `user_id` int(10) unsigned NOT NULL DEFAULT '0',
  `cfg_name` varchar(100) NOT NULL DEFAULT '',
  `cfg_value` varchar(255) NOT NULL DEFAULT '',
  UNIQUE KEY `idx_user_var_name` (`user_id`,`cfg_name`)
) ENGINE=InnoDB DEFAULT CHARSET=utf8;

-- --------------------------------------------------------

--
-- Tabellenstruktur für Tabelle `lehr_modules`
--

CREATE TABLE IF NOT EXISTS `lehr_modules` (
  `id` int(11) NOT NULL AUTO_INCREMENT,
  `title` varchar(100) NOT NULL DEFAULT '',
  `note` varchar(255) NOT NULL DEFAULT '',
  `content` text NOT NULL,
  `ordering` int(11) NOT NULL DEFAULT '0',
  `position` varchar(50) NOT NULL DEFAULT '',
  `checked_out` int(10) unsigned NOT NULL DEFAULT '0',
  `checked_out_time` datetime NOT NULL DEFAULT '0000-00-00 00:00:00',
  `publish_up` datetime NOT NULL DEFAULT '0000-00-00 00:00:00',
  `publish_down` datetime NOT NULL DEFAULT '0000-00-00 00:00:00',
  `published` tinyint(1) NOT NULL DEFAULT '0',
  `module` varchar(50) DEFAULT NULL,
  `access` int(10) unsigned NOT NULL DEFAULT '0',
  `showtitle` tinyint(3) unsigned NOT NULL DEFAULT '1',
  `params` text NOT NULL,
  `client_id` tinyint(4) NOT NULL DEFAULT '0',
  `language` char(7) NOT NULL,
  PRIMARY KEY (`id`),
  KEY `published` (`published`,`access`),
  KEY `newsfeeds` (`module`,`published`),
  KEY `idx_language` (`language`)
) ENGINE=InnoDB  DEFAULT CHARSET=utf8 AUTO_INCREMENT=87 ;

--
-- Daten für Tabelle `lehr_modules`
--

INSERT INTO `lehr_modules` (`id`, `title`, `note`, `content`, `ordering`, `position`, `checked_out`, `checked_out_time`, `publish_up`, `publish_down`, `published`, `module`, `access`, `showtitle`, `params`, `client_id`, `language`) VALUES
(2, 'Login', '', '', 1, 'login', 0, '0000-00-00 00:00:00', '0000-00-00 00:00:00', '0000-00-00 00:00:00', 1, 'mod_login', 1, 1, '', 1, '*'),
(3, 'Popular Articles', '', '', 3, 'cpanel', 0, '0000-00-00 00:00:00', '0000-00-00 00:00:00', '0000-00-00 00:00:00', 1, 'mod_popular', 3, 1, '{"count":"5","catid":"","user_id":"0","layout":"_:default","moduleclass_sfx":"","cache":"0","automatic_title":"1"}', 1, '*'),
(4, 'Recently Added Articles', '', '', 4, 'cpanel', 0, '0000-00-00 00:00:00', '0000-00-00 00:00:00', '0000-00-00 00:00:00', 1, 'mod_latest', 3, 1, '{"count":"5","ordering":"c_dsc","catid":"","user_id":"0","layout":"_:default","moduleclass_sfx":"","cache":"0","automatic_title":"1"}', 1, '*'),
(8, 'Toolbar', '', '', 1, 'toolbar', 0, '0000-00-00 00:00:00', '0000-00-00 00:00:00', '0000-00-00 00:00:00', 1, 'mod_toolbar', 3, 1, '', 1, '*'),
(9, 'Quick Icons', '', '', 1, 'icon', 0, '0000-00-00 00:00:00', '0000-00-00 00:00:00', '0000-00-00 00:00:00', 1, 'mod_quickicon', 3, 1, '', 1, '*'),
(10, 'Logged-in Users', '', '', 2, 'cpanel', 0, '0000-00-00 00:00:00', '0000-00-00 00:00:00', '0000-00-00 00:00:00', 1, 'mod_logged', 3, 1, '{"count":"5","name":"1","layout":"_:default","moduleclass_sfx":"","cache":"0","automatic_title":"1"}', 1, '*'),
(12, 'Admin Menu', '', '', 1, 'menu', 0, '0000-00-00 00:00:00', '0000-00-00 00:00:00', '0000-00-00 00:00:00', 1, 'mod_menu', 3, 1, '{"layout":"","moduleclass_sfx":"","shownew":"1","showhelp":"1","cache":"0"}', 1, '*'),
(13, 'Admin Submenu', '', '', 1, 'submenu', 0, '0000-00-00 00:00:00', '0000-00-00 00:00:00', '0000-00-00 00:00:00', 1, 'mod_submenu', 3, 1, '', 1, '*'),
(14, 'User Status', '', '', 2, 'status', 0, '0000-00-00 00:00:00', '0000-00-00 00:00:00', '0000-00-00 00:00:00', 1, 'mod_status', 3, 1, '', 1, '*'),
(15, 'Title', '', '', 1, 'title', 0, '0000-00-00 00:00:00', '0000-00-00 00:00:00', '0000-00-00 00:00:00', 1, 'mod_title', 3, 1, '', 1, '*'),
(16, 'Login Form', '', '', 1, 'position-7', 0, '0000-00-00 00:00:00', '0000-00-00 00:00:00', '0000-00-00 00:00:00', -2, 'mod_login', 1, 1, '{"pretext":"","posttext":"","login":"","logout":"","greeting":"1","name":"0","usesecure":"0","layout":"_:default","moduleclass_sfx":"","cache":"0"}', 0, '*'),
(17, 'Breadcrumbs', '', '', 1, 'position-2', 0, '0000-00-00 00:00:00', '0000-00-00 00:00:00', '0000-00-00 00:00:00', -2, 'mod_breadcrumbs', 1, 1, '{"moduleclass_sfx":"","showHome":"1","homeText":"Home","showComponent":"1","separator":"","cache":"1","cache_time":"900","cachemode":"itemid"}', 0, '*'),
(79, 'Multilanguage status', '', '', 1, 'status', 0, '0000-00-00 00:00:00', '0000-00-00 00:00:00', '0000-00-00 00:00:00', 0, 'mod_multilangstatus', 3, 1, '{"layout":"_:default","moduleclass_sfx":"","cache":"0"}', 1, '*'),
(80, 'Menü oben', '', '', 1, 'position-1', 0, '0000-00-00 00:00:00', '0000-00-00 00:00:00', '0000-00-00 00:00:00', 1, 'mod_menu', 1, 0, '{"menutype":"topmenu","startLevel":"1","endLevel":"0","showAllChildren":"0","tag_id":"","class_sfx":"","window_open":"","layout":"_:default","moduleclass_sfx":"","cache":"1","cache_time":"900","cachemode":"itemid"}', 0, '*'),
(83, 'Menü ohne Login', '', '', 1, 'position-14', 0, '0000-00-00 00:00:00', '0000-00-00 00:00:00', '0000-00-00 00:00:00', -2, 'mod_menu', 1, 0, '{"menutype":"startseitenmenu","startLevel":"1","endLevel":"0","showAllChildren":"0","tag_id":"","class_sfx":"","window_open":"","layout":"_:default","moduleclass_sfx":"","cache":"1","cache_time":"900","cachemode":"itemid"}', 0, '*'),
(84, 'Menü ohne Login', '', '', 1, 'position-14', 42, '2012-07-23 15:15:13', '0000-00-00 00:00:00', '0000-00-00 00:00:00', -2, 'mod_menu', 1, 0, '{"menutype":"startseitenmenu","startLevel":"1","endLevel":"0","showAllChildren":"0","tag_id":"","class_sfx":"","window_open":"","layout":"_:default","moduleclass_sfx":"","cache":"1","cache_time":"900","cachemode":"itemid"}', 0, '*'),
(85, 'Startseitenmenü', '', '', 0, 'position-14', 0, '0000-00-00 00:00:00', '0000-00-00 00:00:00', '0000-00-00 00:00:00', 1, 'mod_menu', 1, 0, '{"menutype":"startseitenmenu","startLevel":"1","endLevel":"0","showAllChildren":"0","tag_id":"","class_sfx":"","window_open":"","layout":"_:default","moduleclass_sfx":"","cache":"1","cache_time":"900","cachemode":"itemid"}', 0, '*'),
(86, 'Anmeldemenü', '', '', 1, 'position-14', 0, '0000-00-00 00:00:00', '0000-00-00 00:00:00', '0000-00-00 00:00:00', 1, 'mod_menu', 2, 0, '{"menutype":"anmeldemenu","startLevel":"1","endLevel":"0","showAllChildren":"0","tag_id":"","class_sfx":"","window_open":"","layout":"_:default","moduleclass_sfx":"","cache":"1","cache_time":"900","cachemode":"itemid"}', 0, '*');

-- --------------------------------------------------------

--
-- Tabellenstruktur für Tabelle `lehr_modules_menu`
--

CREATE TABLE IF NOT EXISTS `lehr_modules_menu` (
  `moduleid` int(11) NOT NULL DEFAULT '0',
  `menuid` int(11) NOT NULL DEFAULT '0',
  PRIMARY KEY (`moduleid`,`menuid`)
) ENGINE=InnoDB DEFAULT CHARSET=utf8;

--
-- Daten für Tabelle `lehr_modules_menu`
--

INSERT INTO `lehr_modules_menu` (`moduleid`, `menuid`) VALUES
(1, 0),
(2, 0),
(3, 0),
(4, 0),
(6, 0),
(7, 0),
(8, 0),
(9, 0),
(10, 0),
(12, 0),
(13, 0),
(14, 0),
(15, 0),
(17, 0),
(79, 0),
(80, 0),
(81, 104),
(82, -104),
(83, 0),
(84, 0),
(85, 0),
(86, 111);

-- --------------------------------------------------------

--
-- Tabellenstruktur für Tabelle `lehr_newsfeeds`
--

CREATE TABLE IF NOT EXISTS `lehr_newsfeeds` (
  `catid` int(11) NOT NULL DEFAULT '0',
  `id` int(10) unsigned NOT NULL AUTO_INCREMENT,
  `name` varchar(100) NOT NULL DEFAULT '',
  `alias` varchar(255) CHARACTER SET utf8 COLLATE utf8_bin NOT NULL DEFAULT '',
  `link` varchar(200) NOT NULL DEFAULT '',
  `published` tinyint(1) NOT NULL DEFAULT '0',
  `numarticles` int(10) unsigned NOT NULL DEFAULT '1',
  `cache_time` int(10) unsigned NOT NULL DEFAULT '3600',
  `checked_out` int(10) unsigned NOT NULL DEFAULT '0',
  `checked_out_time` datetime NOT NULL DEFAULT '0000-00-00 00:00:00',
  `ordering` int(11) NOT NULL DEFAULT '0',
  `rtl` tinyint(4) NOT NULL DEFAULT '0',
  `access` int(10) unsigned NOT NULL DEFAULT '0',
  `language` char(7) NOT NULL DEFAULT '',
  `params` text NOT NULL,
  `created` datetime NOT NULL DEFAULT '0000-00-00 00:00:00',
  `created_by` int(10) unsigned NOT NULL DEFAULT '0',
  `created_by_alias` varchar(255) NOT NULL DEFAULT '',
  `modified` datetime NOT NULL DEFAULT '0000-00-00 00:00:00',
  `modified_by` int(10) unsigned NOT NULL DEFAULT '0',
  `metakey` text NOT NULL,
  `metadesc` text NOT NULL,
  `metadata` text NOT NULL,
  `xreference` varchar(50) NOT NULL COMMENT 'A reference to enable linkages to external data sets.',
  `publish_up` datetime NOT NULL DEFAULT '0000-00-00 00:00:00',
  `publish_down` datetime NOT NULL DEFAULT '0000-00-00 00:00:00',
  `description` text NOT NULL,
  `version` int(10) unsigned NOT NULL DEFAULT '1',
  `hits` int(10) unsigned NOT NULL DEFAULT '0',
  `images` text NOT NULL,
  PRIMARY KEY (`id`),
  KEY `idx_access` (`access`),
  KEY `idx_checkout` (`checked_out`),
  KEY `idx_state` (`published`),
  KEY `idx_catid` (`catid`),
  KEY `idx_createdby` (`created_by`),
  KEY `idx_language` (`language`),
  KEY `idx_xreference` (`xreference`)
) ENGINE=InnoDB DEFAULT CHARSET=utf8 AUTO_INCREMENT=1 ;

-- --------------------------------------------------------

--
-- Tabellenstruktur für Tabelle `lehr_overrider`
--

CREATE TABLE IF NOT EXISTS `lehr_overrider` (
  `id` int(10) NOT NULL AUTO_INCREMENT COMMENT 'Primary Key',
  `constant` varchar(255) NOT NULL,
  `string` text NOT NULL,
  `file` varchar(255) NOT NULL,
  PRIMARY KEY (`id`)
) ENGINE=InnoDB DEFAULT CHARSET=utf8 AUTO_INCREMENT=1 ;

-- --------------------------------------------------------

--
-- Tabellenstruktur für Tabelle `lehr_redirect_links`
--

CREATE TABLE IF NOT EXISTS `lehr_redirect_links` (
  `id` int(10) unsigned NOT NULL AUTO_INCREMENT,
  `old_url` varchar(255) NOT NULL,
  `new_url` varchar(255) NOT NULL,
  `referer` varchar(150) NOT NULL,
  `comment` varchar(255) NOT NULL,
  `hits` int(10) unsigned NOT NULL DEFAULT '0',
  `published` tinyint(4) NOT NULL,
  `created_date` datetime NOT NULL DEFAULT '0000-00-00 00:00:00',
  `modified_date` datetime NOT NULL DEFAULT '0000-00-00 00:00:00',
  PRIMARY KEY (`id`),
  UNIQUE KEY `idx_link_old` (`old_url`),
  KEY `idx_link_modifed` (`modified_date`)
) ENGINE=InnoDB  DEFAULT CHARSET=utf8 AUTO_INCREMENT=5 ;

--
-- Daten für Tabelle `lehr_redirect_links`
--

INSERT INTO `lehr_redirect_links` (`id`, `old_url`, `new_url`, `referer`, `comment`, `hits`, `published`, `created_date`, `modified_date`) VALUES
(1, 'http://il-castagneto-cms:8888/index.php/val-pellic', '', '', '', 0, 0, '2012-07-20 13:29:42', '0000-00-00 00:00:00'),
(2, 'http://il-castagneto-cms:8888/index.php/anmelden', '', '', '', 0, 0, '2012-07-23 15:16:24', '0000-00-00 00:00:00'),
(3, 'http://www.runze-casper.de/il-castagneto-cms/index.php/anmeldung', '', '', '', 0, 0, '2012-09-08 14:08:08', '0000-00-00 00:00:00'),
(4, 'http://www.runze-casper.de/il-castagneto-cms/index.php/il-castagneto/administrator/index.php', '', '', '', 0, 0, '2013-01-03 15:28:26', '0000-00-00 00:00:00');

-- --------------------------------------------------------

--
-- Tabellenstruktur für Tabelle `lehr_schemas`
--

CREATE TABLE IF NOT EXISTS `lehr_schemas` (
  `extension_id` int(11) NOT NULL,
  `version_id` varchar(20) NOT NULL,
  PRIMARY KEY (`extension_id`,`version_id`)
) ENGINE=InnoDB DEFAULT CHARSET=utf8;

--
-- Daten für Tabelle `lehr_schemas`
--

INSERT INTO `lehr_schemas` (`extension_id`, `version_id`) VALUES
(700, '3.1.5');

-- --------------------------------------------------------

--
-- Tabellenstruktur für Tabelle `lehr_session`
--

CREATE TABLE IF NOT EXISTS `lehr_session` (
  `session_id` varchar(200) NOT NULL DEFAULT '',
  `client_id` tinyint(3) unsigned NOT NULL DEFAULT '0',
  `guest` tinyint(4) unsigned DEFAULT '1',
  `time` varchar(14) DEFAULT '',
  `data` mediumtext,
  `userid` int(11) DEFAULT '0',
  `username` varchar(150) DEFAULT '',
  PRIMARY KEY (`session_id`),
  KEY `userid` (`userid`),
  KEY `time` (`time`)
) ENGINE=InnoDB DEFAULT CHARSET=utf8;

--
-- Daten für Tabelle `lehr_session`
--

INSERT INTO `lehr_session` (`session_id`, `client_id`, `guest`, `time`, `data`, `userid`, `username`) VALUES
('2cfb0f8d9b02d89e5ec1f4972109ace3', 1, 1, '1383319687', '__default|a:8:{s:15:"session.counter";i:8;s:19:"session.timer.start";i:1383319429;s:18:"session.timer.last";i:1383319657;s:17:"session.timer.now";i:1383319687;s:22:"session.client.browser";s:109:"Mozilla/5.0 (Macintosh; Intel Mac OS X 10_9) AppleWebKit/537.71 (KHTML, like Gecko) Version/7.0 Safari/537.71";s:8:"registry";O:9:"JRegistry":1:{s:7:"\\0\\0\\0data";O:8:"stdClass":0:{}}s:4:"user";O:5:"JUser":24:{s:9:"\\0\\0\\0isRoot";N;s:2:"id";i:0;s:4:"name";N;s:8:"username";N;s:5:"email";N;s:8:"password";N;s:14:"password_clear";s:0:"";s:5:"block";N;s:9:"sendEmail";i:0;s:12:"registerDate";N;s:13:"lastvisitDate";N;s:10:"activation";N;s:6:"params";N;s:6:"groups";a:1:{i:0;s:1:"1";}s:5:"guest";i:1;s:13:"lastResetTime";N;s:10:"resetCount";N;s:10:"\\0\\0\\0_params";O:9:"JRegistry":1:{s:7:"\\0\\0\\0data";O:8:"stdClass":0:{}}s:14:"\\0\\0\\0_authGroups";N;s:14:"\\0\\0\\0_authLevels";a:2:{i:0;i:1;i:1;i:1;}s:15:"\\0\\0\\0_authActions";N;s:12:"\\0\\0\\0_errorMsg";N;s:10:"\\0\\0\\0_errors";a:0:{}s:3:"aid";i:0;}s:13:"session.token";s:32:"0f8fc8fa800c68c3784edcff103f49e5";}', 0, ''),
('4532897d1a95b6623f74e883c6a3bdc7', 0, 1, '1383320869', '__default|a:7:{s:15:"session.counter";i:28;s:19:"session.timer.start";i:1383317612;s:18:"session.timer.last";i:1383320867;s:17:"session.timer.now";i:1383320869;s:22:"session.client.browser";s:109:"Mozilla/5.0 (Macintosh; Intel Mac OS X 10_9) AppleWebKit/537.71 (KHTML, like Gecko) Version/7.0 Safari/537.71";s:8:"registry";O:9:"JRegistry":1:{s:7:"\\0\\0\\0data";O:8:"stdClass":0:{}}s:4:"user";O:5:"JUser":25:{s:9:"\\0\\0\\0isRoot";b:0;s:2:"id";i:0;s:4:"name";N;s:8:"username";N;s:5:"email";N;s:8:"password";N;s:14:"password_clear";s:0:"";s:5:"block";N;s:9:"sendEmail";i:0;s:12:"registerDate";N;s:13:"lastvisitDate";N;s:10:"activation";N;s:6:"params";N;s:6:"groups";a:1:{i:0;s:1:"1";}s:5:"guest";i:1;s:13:"lastResetTime";N;s:10:"resetCount";N;s:10:"\\0\\0\\0_params";O:9:"JRegistry":1:{s:7:"\\0\\0\\0data";O:8:"stdClass":0:{}}s:14:"\\0\\0\\0_authGroups";a:1:{i:0;i:1;}s:14:"\\0\\0\\0_authLevels";a:2:{i:0;i:1;i:1;i:1;}s:15:"\\0\\0\\0_authActions";N;s:12:"\\0\\0\\0_errorMsg";N;s:10:"\\0\\0\\0_errors";a:0:{}s:8:"usertype";N;s:3:"aid";i:0;}}', 0, ''),
('5aa4c44f235a312805e57b756cb87c74', 1, 1, '1383318788', '__default|a:8:{s:15:"session.counter";i:5;s:19:"session.timer.start";i:1383318740;s:18:"session.timer.last";i:1383318765;s:17:"session.timer.now";i:1383318788;s:22:"session.client.browser";s:81:"Mozilla/5.0 (Macintosh; Intel Mac OS X 10.9; rv:24.0) Gecko/20100101 Firefox/24.0";s:8:"registry";O:9:"JRegistry":1:{s:7:"\\0\\0\\0data";O:8:"stdClass":0:{}}s:4:"user";O:5:"JUser":24:{s:9:"\\0\\0\\0isRoot";N;s:2:"id";i:0;s:4:"name";N;s:8:"username";N;s:5:"email";N;s:8:"password";N;s:14:"password_clear";s:0:"";s:5:"block";N;s:9:"sendEmail";i:0;s:12:"registerDate";N;s:13:"lastvisitDate";N;s:10:"activation";N;s:6:"params";N;s:6:"groups";a:1:{i:0;s:1:"1";}s:5:"guest";i:1;s:13:"lastResetTime";N;s:10:"resetCount";N;s:10:"\\0\\0\\0_params";O:9:"JRegistry":1:{s:7:"\\0\\0\\0data";O:8:"stdClass":0:{}}s:14:"\\0\\0\\0_authGroups";N;s:14:"\\0\\0\\0_authLevels";a:2:{i:0;i:1;i:1;i:1;}s:15:"\\0\\0\\0_authActions";N;s:12:"\\0\\0\\0_errorMsg";N;s:10:"\\0\\0\\0_errors";a:0:{}s:3:"aid";i:0;}s:13:"session.token";s:32:"cdeb780ac56a13bbcb2c7427b66f91b4";}', 0, ''),
('76a34f050dd12de7ab96b6da4996b702', 1, 1, '1383320908', '__default|a:8:{s:15:"session.counter";i:1;s:19:"session.timer.start";i:1383320908;s:18:"session.timer.last";i:1383320908;s:17:"session.timer.now";i:1383320908;s:22:"session.client.browser";s:109:"Mozilla/5.0 (Macintosh; Intel Mac OS X 10_9) AppleWebKit/537.71 (KHTML, like Gecko) Version/7.0 Safari/537.71";s:8:"registry";O:9:"JRegistry":1:{s:7:"\\0\\0\\0data";O:8:"stdClass":0:{}}s:4:"user";O:5:"JUser":24:{s:9:"\\0\\0\\0isRoot";N;s:2:"id";i:0;s:4:"name";N;s:8:"username";N;s:5:"email";N;s:8:"password";N;s:14:"password_clear";s:0:"";s:5:"block";N;s:9:"sendEmail";i:0;s:12:"registerDate";N;s:13:"lastvisitDate";N;s:10:"activation";N;s:6:"params";N;s:6:"groups";a:1:{i:0;s:1:"1";}s:5:"guest";i:1;s:13:"lastResetTime";N;s:10:"resetCount";N;s:10:"\\0\\0\\0_params";O:9:"JRegistry":1:{s:7:"\\0\\0\\0data";O:8:"stdClass":0:{}}s:14:"\\0\\0\\0_authGroups";N;s:14:"\\0\\0\\0_authLevels";a:2:{i:0;i:1;i:1;i:1;}s:15:"\\0\\0\\0_authActions";N;s:12:"\\0\\0\\0_errorMsg";N;s:10:"\\0\\0\\0_errors";a:0:{}s:3:"aid";i:0;}s:13:"session.token";s:32:"b92fc21363b1de1f9778b9c0af1008cf";}', 0, ''),
('dfb37c8e5a4ea7caeaa01d0bb29c953c', 0, 1, '1383319426', '__default|a:7:{s:15:"session.counter";i:2;s:19:"session.timer.start";i:1383318933;s:18:"session.timer.last";i:1383318933;s:17:"session.timer.now";i:1383319426;s:22:"session.client.browser";s:109:"Mozilla/5.0 (Macintosh; Intel Mac OS X 10_9) AppleWebKit/537.71 (KHTML, like Gecko) Version/7.0 Safari/537.71";s:8:"registry";O:9:"JRegistry":1:{s:7:"\\0\\0\\0data";O:8:"stdClass":0:{}}s:4:"user";O:5:"JUser":24:{s:9:"\\0\\0\\0isRoot";b:0;s:2:"id";i:0;s:4:"name";N;s:8:"username";N;s:5:"email";N;s:8:"password";N;s:14:"password_clear";s:0:"";s:5:"block";N;s:9:"sendEmail";i:0;s:12:"registerDate";N;s:13:"lastvisitDate";N;s:10:"activation";N;s:6:"params";N;s:6:"groups";a:1:{i:0;s:1:"1";}s:5:"guest";i:1;s:13:"lastResetTime";N;s:10:"resetCount";N;s:10:"\\0\\0\\0_params";O:9:"JRegistry":1:{s:7:"\\0\\0\\0data";O:8:"stdClass":0:{}}s:14:"\\0\\0\\0_authGroups";a:1:{i:0;i:1;}s:14:"\\0\\0\\0_authLevels";a:2:{i:0;i:1;i:1;i:1;}s:15:"\\0\\0\\0_authActions";N;s:12:"\\0\\0\\0_errorMsg";N;s:10:"\\0\\0\\0_errors";a:0:{}s:3:"aid";i:0;}}', 0, '');

-- --------------------------------------------------------

--
-- Tabellenstruktur für Tabelle `lehr_tags`
--

CREATE TABLE IF NOT EXISTS `lehr_tags` (
  `id` int(10) unsigned NOT NULL AUTO_INCREMENT,
  `parent_id` int(10) unsigned NOT NULL DEFAULT '0',
  `lft` int(11) NOT NULL DEFAULT '0',
  `rgt` int(11) NOT NULL DEFAULT '0',
  `level` int(10) unsigned NOT NULL DEFAULT '0',
  `path` varchar(255) NOT NULL DEFAULT '',
  `title` varchar(255) NOT NULL,
  `alias` varchar(255) CHARACTER SET utf8 COLLATE utf8_bin NOT NULL DEFAULT '',
  `note` varchar(255) NOT NULL DEFAULT '',
  `description` mediumtext NOT NULL,
  `published` tinyint(1) NOT NULL DEFAULT '0',
  `checked_out` int(11) unsigned NOT NULL DEFAULT '0',
  `checked_out_time` datetime NOT NULL DEFAULT '0000-00-00 00:00:00',
  `access` int(10) unsigned NOT NULL DEFAULT '0',
  `params` text NOT NULL,
  `metadesc` varchar(1024) NOT NULL COMMENT 'The meta description for the page.',
  `metakey` varchar(1024) NOT NULL COMMENT 'The meta keywords for the page.',
  `metadata` varchar(2048) NOT NULL COMMENT 'JSON encoded metadata properties.',
  `created_user_id` int(10) unsigned NOT NULL DEFAULT '0',
  `created_time` datetime NOT NULL DEFAULT '0000-00-00 00:00:00',
  `created_by_alias` varchar(255) NOT NULL DEFAULT '',
  `modified_user_id` int(10) unsigned NOT NULL DEFAULT '0',
  `modified_time` datetime NOT NULL DEFAULT '0000-00-00 00:00:00',
  `images` text NOT NULL,
  `urls` text NOT NULL,
  `hits` int(10) unsigned NOT NULL DEFAULT '0',
  `language` char(7) NOT NULL,
  `version` int(10) unsigned NOT NULL DEFAULT '1',
  `publish_up` datetime NOT NULL DEFAULT '0000-00-00 00:00:00',
  `publish_down` datetime NOT NULL DEFAULT '0000-00-00 00:00:00',
  PRIMARY KEY (`id`),
  KEY `tag_idx` (`published`,`access`),
  KEY `idx_access` (`access`),
  KEY `idx_checkout` (`checked_out`),
  KEY `idx_path` (`path`),
  KEY `idx_left_right` (`lft`,`rgt`),
  KEY `idx_alias` (`alias`),
  KEY `idx_language` (`language`)
) ENGINE=InnoDB  DEFAULT CHARSET=utf8 AUTO_INCREMENT=2 ;

--
-- Daten für Tabelle `lehr_tags`
--

INSERT INTO `lehr_tags` (`id`, `parent_id`, `lft`, `rgt`, `level`, `path`, `title`, `alias`, `note`, `description`, `published`, `checked_out`, `checked_out_time`, `access`, `params`, `metadesc`, `metakey`, `metadata`, `created_user_id`, `created_time`, `created_by_alias`, `modified_user_id`, `modified_time`, `images`, `urls`, `hits`, `language`, `version`, `publish_up`, `publish_down`) VALUES
(1, 0, 0, 1, 0, '', 'ROOT', 'root', '', '', 1, 0, '0000-00-00 00:00:00', 1, '{}', '', '', '', 0, '2011-01-01 00:00:01', '', 0, '0000-00-00 00:00:00', '', '', 0, '*', 1, '0000-00-00 00:00:00', '0000-00-00 00:00:00');

-- --------------------------------------------------------

--
-- Tabellenstruktur für Tabelle `lehr_template_styles`
--

CREATE TABLE IF NOT EXISTS `lehr_template_styles` (
  `id` int(10) unsigned NOT NULL AUTO_INCREMENT,
  `template` varchar(50) NOT NULL DEFAULT '',
  `client_id` tinyint(1) unsigned NOT NULL DEFAULT '0',
  `home` char(7) NOT NULL DEFAULT '0',
  `title` varchar(255) NOT NULL DEFAULT '',
  `params` text NOT NULL,
  PRIMARY KEY (`id`),
  KEY `idx_template` (`template`),
  KEY `idx_home` (`home`)
) ENGINE=InnoDB  DEFAULT CHARSET=utf8 AUTO_INCREMENT=12 ;

--
-- Daten für Tabelle `lehr_template_styles`
--

INSERT INTO `lehr_template_styles` (`id`, `template`, `client_id`, `home`, `title`, `params`) VALUES
(2, 'bluestork', 1, '0', 'Bluestork - Default', '{"useRoundedCorners":"1","showSiteName":"0"}'),
(3, 'atomic', 0, '0', 'Atomic - Default', '{}'),
(4, 'beez_20', 0, '0', 'Beez2 - Default', '{"wrapperSmall":"53","wrapperLarge":"72","logo":"images\\/joomla_black.gif","sitetitle":"Joomla!","sitedescription":"Open Source Content Management","navposition":"left","templatecolor":"personal","html5":"0"}'),
(5, 'hathor', 1, '0', 'Hathor - Default', '{"showSiteName":"0","colourChoice":"","boldText":"0"}'),
(6, 'beez5', 0, '0', 'Beez5 - Default', '{"wrapperSmall":"53","wrapperLarge":"72","logo":"images\\/sampledata\\/fruitshop\\/fruits.gif","sitetitle":"Joomla!","sitedescription":"Open Source Content Management","navposition":"left","html5":"0"}'),
(7, 'il-castagneto', 0, '1', 'il-castagneto - Standard', '{"sitetitle":"","sitedescription":"","hintergrundbild":""}'),
(8, 'il-castagneto', 0, '0', 'il-castagneto - Startseite', '{"sitetitle":"","sitedescription":"","hintergrundbild":"hintergrund_start.jpg"}'),
(9, 'protostar', 0, '0', 'protostar - Default', '{"templateColor":"#08C","templateBackgroundColor":"#F4F6F7","logoFile":"","sitetitle":"","sitedescription":"","googleFont":"1","googleFontName":"Open+Sans","fluidContainer":"0"}'),
(10, 'isis', 1, '1', 'isis - Default', '{"templateColor":"","logoFile":""}'),
(11, 'beez3', 0, '0', 'beez3 - Default', '{"wrapperSmall":53,"wrapperLarge":72,"logo":"","sitetitle":"","sitedescription":"","navposition":"center","bootstrap":"","templatecolor":"nature","headerImage":"","backgroundcolor":"#eee"}');

-- --------------------------------------------------------

--
-- Tabellenstruktur für Tabelle `lehr_ucm_base`
--

CREATE TABLE IF NOT EXISTS `lehr_ucm_base` (
  `ucm_id` int(10) unsigned NOT NULL,
  `ucm_item_id` int(10) NOT NULL,
  `ucm_type_id` int(11) NOT NULL,
  `ucm_language_id` int(11) NOT NULL,
  PRIMARY KEY (`ucm_id`),
  KEY `idx_ucm_item_id` (`ucm_item_id`),
  KEY `idx_ucm_type_id` (`ucm_type_id`),
  KEY `idx_ucm_language_id` (`ucm_language_id`)
) ENGINE=InnoDB DEFAULT CHARSET=utf8;

-- --------------------------------------------------------

--
-- Tabellenstruktur für Tabelle `lehr_ucm_content`
--

CREATE TABLE IF NOT EXISTS `lehr_ucm_content` (
  `core_content_id` int(10) unsigned NOT NULL AUTO_INCREMENT,
  `core_type_alias` varchar(255) NOT NULL DEFAULT '' COMMENT 'FK to the content types table',
  `core_title` varchar(255) NOT NULL,
  `core_alias` varchar(255) CHARACTER SET utf8 COLLATE utf8_bin NOT NULL DEFAULT '',
  `core_body` mediumtext NOT NULL,
  `core_state` tinyint(1) NOT NULL DEFAULT '0',
  `core_checked_out_time` varchar(255) NOT NULL DEFAULT '',
  `core_checked_out_user_id` int(10) unsigned NOT NULL DEFAULT '0',
  `core_access` int(10) unsigned NOT NULL DEFAULT '0',
  `core_params` text NOT NULL,
  `core_featured` tinyint(4) unsigned NOT NULL DEFAULT '0',
  `core_metadata` varchar(2048) NOT NULL COMMENT 'JSON encoded metadata properties.',
  `core_created_user_id` int(10) unsigned NOT NULL DEFAULT '0',
  `core_created_by_alias` varchar(255) NOT NULL DEFAULT '',
  `core_created_time` datetime NOT NULL DEFAULT '0000-00-00 00:00:00',
  `core_modified_user_id` int(10) unsigned NOT NULL DEFAULT '0' COMMENT 'Most recent user that modified',
  `core_modified_time` datetime NOT NULL DEFAULT '0000-00-00 00:00:00',
  `core_language` char(7) NOT NULL,
  `core_publish_up` datetime NOT NULL,
  `core_publish_down` datetime NOT NULL,
  `core_content_item_id` int(10) unsigned DEFAULT NULL COMMENT 'ID from the individual type table',
  `asset_id` int(10) unsigned DEFAULT NULL COMMENT 'FK to the #__assets table.',
  `core_images` text NOT NULL,
  `core_urls` text NOT NULL,
  `core_hits` int(10) unsigned NOT NULL DEFAULT '0',
  `core_version` int(10) unsigned NOT NULL DEFAULT '1',
  `core_ordering` int(11) NOT NULL DEFAULT '0',
  `core_metakey` text NOT NULL,
  `core_metadesc` text NOT NULL,
  `core_catid` int(10) unsigned NOT NULL DEFAULT '0',
  `core_xreference` varchar(50) NOT NULL COMMENT 'A reference to enable linkages to external data sets.',
  `core_type_id` int(10) unsigned DEFAULT NULL,
  PRIMARY KEY (`core_content_id`),
  KEY `tag_idx` (`core_state`,`core_access`),
  KEY `idx_access` (`core_access`),
  KEY `idx_alias` (`core_alias`),
  KEY `idx_language` (`core_language`),
  KEY `idx_title` (`core_title`),
  KEY `idx_modified_time` (`core_modified_time`),
  KEY `idx_created_time` (`core_created_time`),
  KEY `idx_content_type` (`core_type_alias`),
  KEY `idx_core_modified_user_id` (`core_modified_user_id`),
  KEY `idx_core_checked_out_user_id` (`core_checked_out_user_id`),
  KEY `idx_core_created_user_id` (`core_created_user_id`),
  KEY `idx_core_type_id` (`core_type_id`)
) ENGINE=InnoDB DEFAULT CHARSET=utf8 COMMENT='Contains core content data in name spaced fields' AUTO_INCREMENT=1 ;

-- --------------------------------------------------------

--
-- Tabellenstruktur für Tabelle `lehr_updates`
--

CREATE TABLE IF NOT EXISTS `lehr_updates` (
  `update_id` int(11) NOT NULL AUTO_INCREMENT,
  `update_site_id` int(11) DEFAULT '0',
  `extension_id` int(11) DEFAULT '0',
  `name` varchar(100) DEFAULT '',
  `description` text NOT NULL,
  `element` varchar(100) DEFAULT '',
  `type` varchar(20) DEFAULT '',
  `folder` varchar(20) DEFAULT '',
  `client_id` tinyint(3) DEFAULT '0',
  `version` varchar(10) DEFAULT '',
  `data` text NOT NULL,
  `detailsurl` text NOT NULL,
  `infourl` text NOT NULL,
  PRIMARY KEY (`update_id`)
) ENGINE=InnoDB  DEFAULT CHARSET=utf8 COMMENT='Available Updates' AUTO_INCREMENT=54 ;

--
-- Daten für Tabelle `lehr_updates`
--

INSERT INTO `lehr_updates` (`update_id`, `update_site_id`, `extension_id`, `name`, `description`, `element`, `type`, `folder`, `client_id`, `version`, `data`, `detailsurl`, `infourl`) VALUES
(1, 5, 0, 'BottleBot LightBox J1.7+J1.6', 'lightboxgenerating content plugin', 'bottleBotLightbox', 'plugin', 'content', 1, '1.5', '', 'http://bottlebot.eine-vision.de/update/bblightbox_update.xml', 'http://bottlebot.eine-vision.de/docs/changelog.html'),
(2, 7, 0, 'Malay', '', 'pkg_ms-MY', 'package', '', 0, '3.1.5.4', '', 'http://update.joomla.org/language/details3/ms-MY_details.xml', ''),
(3, 7, 0, 'Romanian', '', 'pkg_ro-RO', 'package', '', 0, '3.1.1.2', '', 'http://update.joomla.org/language/details3/ro-RO_details.xml', ''),
(4, 7, 0, 'Flemish', '', 'pkg_nl-BE', 'package', '', 0, '3.1.5.1', '', 'http://update.joomla.org/language/details3/nl-BE_details.xml', ''),
(5, 7, 0, 'Chinese Traditional', '', 'pkg_zh-TW', 'package', '', 0, '3.1.4.1', '', 'http://update.joomla.org/language/details3/zh-TW_details.xml', ''),
(6, 7, 0, 'French', '', 'pkg_fr-FR', 'package', '', 0, '3.1.5.1', '', 'http://update.joomla.org/language/details3/fr-FR_details.xml', ''),
(7, 7, 0, 'Galician', '', 'pkg_gl-ES', 'package', '', 0, '3.0.2.2', '', 'http://update.joomla.org/language/details3/gl-ES_details.xml', ''),
(8, 7, 604, 'German', '', 'pkg_de-DE', 'package', '', 0, '3.1.5.1', '', 'http://update.joomla.org/language/details3/de-DE_details.xml', ''),
(9, 7, 0, 'Greek', '', 'pkg_el-GR', 'package', '', 0, '3.1.5.1', '', 'http://update.joomla.org/language/details3/el-GR_details.xml', ''),
(10, 7, 0, 'Hebrew', '', 'pkg_he-IL', 'package', '', 0, '3.1.1.1', '', 'http://update.joomla.org/language/details3/he-IL_details.xml', ''),
(11, 7, 0, 'Hungarian', '', 'pkg_hu-HU', 'package', '', 0, '3.1.4.1', '', 'http://update.joomla.org/language/details3/hu-HU_details.xml', ''),
(12, 7, 0, 'Afrikaans', '', 'pkg_af-ZA', 'package', '', 0, '3.1.5.1', '', 'http://update.joomla.org/language/details3/af-ZA_details.xml', ''),
(13, 7, 0, 'Arabic Unitag', '', 'pkg_ar-AA', 'package', '', 0, '3.1.5.1', '', 'http://update.joomla.org/language/details3/ar-AA_details.xml', ''),
(14, 7, 0, 'Belarusian', '', 'pkg_be-BY', 'package', '', 0, '3.0.2.1', '', 'http://update.joomla.org/language/details3/be-BY_details.xml', ''),
(15, 7, 0, 'Bulgarian', '', 'pkg_bg-BG', 'package', '', 0, '3.0.3.1', '', 'http://update.joomla.org/language/details3/bg-BG_details.xml', ''),
(16, 7, 0, 'Catalan', '', 'pkg_ca-ES', 'package', '', 0, '3.1.4.1', '', 'http://update.joomla.org/language/details3/ca-ES_details.xml', ''),
(17, 7, 0, 'Chinese Simplified', '', 'pkg_zh-CN', 'package', '', 0, '3.1.5.1', '', 'http://update.joomla.org/language/details3/zh-CN_details.xml', ''),
(18, 7, 0, 'Croatian', '', 'pkg_hr-HR', 'package', '', 0, '3.1.5.1', '', 'http://update.joomla.org/language/details3/hr-HR_details.xml', ''),
(19, 7, 0, 'Czech', '', 'pkg_cs-CZ', 'package', '', 0, '3.1.5.1', '', 'http://update.joomla.org/language/details3/cs-CZ_details.xml', ''),
(20, 7, 0, 'Danish', '', 'pkg_da-DK', 'package', '', 0, '3.1.5.1', '', 'http://update.joomla.org/language/details3/da-DK_details.xml', ''),
(21, 7, 0, 'Dutch', '', 'pkg_nl-NL', 'package', '', 0, '3.1.5.1', '', 'http://update.joomla.org/language/details3/nl-NL_details.xml', ''),
(22, 7, 0, 'English AU', '', 'pkg_en-AU', 'package', '', 0, '3.1.0.1', '', 'http://update.joomla.org/language/details3/en-AU_details.xml', ''),
(23, 7, 0, 'English US', '', 'pkg_en-US', 'package', '', 0, '3.1.0.1', '', 'http://update.joomla.org/language/details3/en-US_details.xml', ''),
(24, 7, 0, 'Estonian', '', 'pkg_et-EE', 'package', '', 0, '3.1.2.1', '', 'http://update.joomla.org/language/details3/et-EE_details.xml', ''),
(25, 7, 0, 'Italian', '', 'pkg_it-IT', 'package', '', 0, '3.1.5.1', '', 'http://update.joomla.org/language/details3/it-IT_details.xml', ''),
(26, 7, 0, 'Japanese', '', 'pkg_ja-JP', 'package', '', 0, '3.1.5.1', '', 'http://update.joomla.org/language/details3/ja-JP_details.xml', ''),
(27, 7, 0, 'Korean', '', 'pkg_ko-KR', 'package', '', 0, '3.1.5.1', '', 'http://update.joomla.org/language/details3/ko-KR_details.xml', ''),
(28, 7, 0, 'Kurdish Sorani', '', 'pkg_ckb-IQ', 'package', '', 0, '3.0.2.1', '', 'http://update.joomla.org/language/details3/ckb-IQ_details.xml', ''),
(29, 7, 0, 'Latvian', '', 'pkg_lv-LV', 'package', '', 0, '3.1.5.1', '', 'http://update.joomla.org/language/details3/lv-LV_details.xml', ''),
(30, 7, 0, 'Macedonian', '', 'pkg_mk-MK', 'package', '', 0, '3.1.4.1', '', 'http://update.joomla.org/language/details3/mk-MK_details.xml', ''),
(31, 7, 0, 'Norwegian Bokmal', '', 'pkg_nb-NO', 'package', '', 0, '3.1.1.1', '', 'http://update.joomla.org/language/details3/nb-NO_details.xml', ''),
(32, 7, 0, 'Persian', '', 'pkg_fa-IR', 'package', '', 0, '3.1.4.1', '', 'http://update.joomla.org/language/details3/fa-IR_details.xml', ''),
(33, 7, 0, 'Polish', '', 'pkg_pl-PL', 'package', '', 0, '3.1.4.2', '', 'http://update.joomla.org/language/details3/pl-PL_details.xml', ''),
(34, 7, 0, 'Portuguese', '', 'pkg_pt-PT', 'package', '', 0, '3.0.2.2', '', 'http://update.joomla.org/language/details3/pt-PT_details.xml', ''),
(35, 7, 0, 'Russian', '', 'pkg_ru-RU', 'package', '', 0, '3.1.5.1', '', 'http://update.joomla.org/language/details3/ru-RU_details.xml', ''),
(36, 7, 0, 'Slovak', '', 'pkg_sk-SK', 'package', '', 0, '3.1.5.3', '', 'http://update.joomla.org/language/details3/sk-SK_details.xml', ''),
(37, 7, 0, 'Swedish', '', 'pkg_sv-SE', 'package', '', 0, '3.1.5.1', '', 'http://update.joomla.org/language/details3/sv-SE_details.xml', ''),
(38, 7, 0, 'Syriac', '', 'pkg_sy-IQ', 'package', '', 0, '3.1.2.1', '', 'http://update.joomla.org/language/details3/sy-IQ_details.xml', ''),
(39, 7, 0, 'Tamil', '', 'pkg_ta-IN', 'package', '', 0, '3.1.5.2', '', 'http://update.joomla.org/language/details3/ta-IN_details.xml', ''),
(40, 7, 0, 'Thai', '', 'pkg_th-TH', 'package', '', 0, '3.1.4.2', '', 'http://update.joomla.org/language/details3/th-TH_details.xml', ''),
(41, 7, 0, 'Turkish', '', 'pkg_tr-TR', 'package', '', 0, '3.1.4.1', '', 'http://update.joomla.org/language/details3/tr-TR_details.xml', ''),
(42, 7, 0, 'Ukrainian', '', 'pkg_uk-UA', 'package', '', 0, '3.1.4.4', '', 'http://update.joomla.org/language/details3/uk-UA_details.xml', ''),
(43, 7, 0, 'Uyghur', '', 'pkg_ug-CN', 'package', '', 0, '3.1.5.1', '', 'http://update.joomla.org/language/details3/ug-CN_details.xml', ''),
(44, 7, 0, 'Albanian', '', 'pkg_sq-AL', 'package', '', 0, '3.1.1.1', '', 'http://update.joomla.org/language/details3/sq-AL_details.xml', ''),
(45, 7, 0, 'Portuguese Brazil', '', 'pkg_pt-BR', 'package', '', 0, '3.0.3.1', '', 'http://update.joomla.org/language/details3/pt-BR_details.xml', ''),
(46, 7, 0, 'Serbian Latin', '', 'pkg_sr-YU', 'package', '', 0, '3.1.5.1', '', 'http://update.joomla.org/language/details3/sr-YU_details.xml', ''),
(47, 7, 0, 'Spanish', '', 'pkg_es-ES', 'package', '', 0, '3.1.5.1', '', 'http://update.joomla.org/language/details3/es-ES_details.xml', ''),
(48, 7, 0, 'Bosnian', '', 'pkg_bs-BA', 'package', '', 0, '3.1.1.1', '', 'http://update.joomla.org/language/details3/bs-BA_details.xml', ''),
(49, 7, 0, 'Serbian Cyrillic', '', 'pkg_sr-RS', 'package', '', 0, '3.1.5.1', '', 'http://update.joomla.org/language/details3/sr-RS_details.xml', ''),
(50, 7, 0, 'Vietnamese', '', 'pkg_vi-VN', 'package', '', 0, '3.0.3.1', '', 'http://update.joomla.org/language/details3/vi-VN_details.xml', ''),
(51, 7, 0, 'Bahasa Indonesia', '', 'pkg_id-ID', 'package', '', 0, '3.1.4.1', '', 'http://update.joomla.org/language/details3/id-ID_details.xml', ''),
(52, 7, 0, 'Finnish', '', 'pkg_fi-FI', 'package', '', 0, '3.1.4.1', '', 'http://update.joomla.org/language/details3/fi-FI_details.xml', ''),
(53, 7, 0, 'Swahili', '', 'pkg_sw-KE', 'package', '', 0, '3.1.5.1', '', 'http://update.joomla.org/language/details3/sw-KE_details.xml', '');

-- --------------------------------------------------------

--
-- Tabellenstruktur für Tabelle `lehr_update_sites`
--

CREATE TABLE IF NOT EXISTS `lehr_update_sites` (
  `update_site_id` int(11) NOT NULL AUTO_INCREMENT,
  `name` varchar(100) DEFAULT '',
  `type` varchar(20) DEFAULT '',
  `location` text NOT NULL,
  `enabled` int(11) DEFAULT '0',
  `last_check_timestamp` bigint(20) DEFAULT '0',
  PRIMARY KEY (`update_site_id`)
) ENGINE=InnoDB  DEFAULT CHARSET=utf8 COMMENT='Update Sites' AUTO_INCREMENT=9 ;

--
-- Daten für Tabelle `lehr_update_sites`
--

INSERT INTO `lehr_update_sites` (`update_site_id`, `name`, `type`, `location`, `enabled`, `last_check_timestamp`) VALUES
(1, 'Joomla Core', 'collection', 'http://update.joomla.org/core/sts/list_sts.xml', 1, 1383320856),
(2, 'Joomla Extension Directory', 'collection', 'http://update.joomla.org/jed/list.xml', 1, 1383320856),
(3, 'J!German Language Updates', 'collection', 'http://update.jgerman.de/translationlist.xml', 1, 1383320856),
(5, 'BottleBot LightBox Updater', 'extension', 'http://bottlebot.eine-vision.de/update/bblightbox_update.xml', 1, 1383320856),
(7, 'Accredited Joomla! Translations', 'collection', 'http://update.joomla.org/language/translationlist_3.xml', 1, 1383320856),
(8, 'ImageSizer - Update', 'extension', 'http://www.redim.de/jupdates/imagesizer.xml', 1, 1383320856);

-- --------------------------------------------------------

--
-- Tabellenstruktur für Tabelle `lehr_update_sites_extensions`
--

CREATE TABLE IF NOT EXISTS `lehr_update_sites_extensions` (
  `update_site_id` int(11) NOT NULL DEFAULT '0',
  `extension_id` int(11) NOT NULL DEFAULT '0',
  PRIMARY KEY (`update_site_id`,`extension_id`)
) ENGINE=InnoDB DEFAULT CHARSET=utf8 COMMENT='Links extensions to update sites';

--
-- Daten für Tabelle `lehr_update_sites_extensions`
--

INSERT INTO `lehr_update_sites_extensions` (`update_site_id`, `extension_id`) VALUES
(1, 700),
(2, 700),
(3, 604),
(3, 605),
(5, 10001),
(7, 600),
(7, 604),
(8, 10055);

-- --------------------------------------------------------

--
-- Tabellenstruktur für Tabelle `lehr_usergroups`
--

CREATE TABLE IF NOT EXISTS `lehr_usergroups` (
  `id` int(10) unsigned NOT NULL AUTO_INCREMENT COMMENT 'Primary Key',
  `parent_id` int(10) unsigned NOT NULL DEFAULT '0' COMMENT 'Adjacency List Reference Id',
  `lft` int(11) NOT NULL DEFAULT '0' COMMENT 'Nested set lft.',
  `rgt` int(11) NOT NULL DEFAULT '0' COMMENT 'Nested set rgt.',
  `title` varchar(100) NOT NULL DEFAULT '',
  PRIMARY KEY (`id`),
  UNIQUE KEY `idx_usergroup_parent_title_lookup` (`parent_id`,`title`),
  KEY `idx_usergroup_title_lookup` (`title`),
  KEY `idx_usergroup_adjacency_lookup` (`parent_id`),
  KEY `idx_usergroup_nested_set_lookup` (`lft`,`rgt`) USING BTREE
) ENGINE=InnoDB  DEFAULT CHARSET=utf8 AUTO_INCREMENT=9 ;

--
-- Daten für Tabelle `lehr_usergroups`
--

INSERT INTO `lehr_usergroups` (`id`, `parent_id`, `lft`, `rgt`, `title`) VALUES
(1, 0, 1, 20, 'Öffentlich'),
(2, 1, 6, 17, 'Registriert'),
(3, 2, 7, 14, 'Autor'),
(4, 3, 8, 11, 'Editor'),
(5, 4, 9, 10, 'Publisher'),
(6, 1, 2, 5, 'Manager'),
(7, 6, 3, 4, 'Administrator'),
(8, 1, 18, 19, 'Super Benutzer');

-- --------------------------------------------------------

--
-- Tabellenstruktur für Tabelle `lehr_users`
--

CREATE TABLE IF NOT EXISTS `lehr_users` (
  `id` int(11) NOT NULL AUTO_INCREMENT,
  `name` varchar(255) NOT NULL DEFAULT '',
  `username` varchar(150) NOT NULL DEFAULT '',
  `email` varchar(100) NOT NULL DEFAULT '',
  `password` varchar(100) NOT NULL DEFAULT '',
  `block` tinyint(4) NOT NULL DEFAULT '0',
  `sendEmail` tinyint(4) DEFAULT '0',
  `registerDate` datetime NOT NULL DEFAULT '0000-00-00 00:00:00',
  `lastvisitDate` datetime NOT NULL DEFAULT '0000-00-00 00:00:00',
  `activation` varchar(100) NOT NULL DEFAULT '',
  `params` text NOT NULL,
  `lastResetTime` datetime NOT NULL DEFAULT '0000-00-00 00:00:00' COMMENT 'Date of last password reset',
  `resetCount` int(11) NOT NULL DEFAULT '0' COMMENT 'Count of password resets since lastResetTime',
  PRIMARY KEY (`id`),
  KEY `idx_name` (`name`),
  KEY `idx_block` (`block`),
  KEY `username` (`username`),
  KEY `email` (`email`)
) ENGINE=InnoDB  DEFAULT CHARSET=utf8 AUTO_INCREMENT=44 ;

--
-- Daten für Tabelle `lehr_users`
--

INSERT INTO `lehr_users` (`id`, `name`, `username`, `email`, `password`, `block`, `sendEmail`, `registerDate`, `lastvisitDate`, `activation`, `params`, `lastResetTime`, `resetCount`) VALUES
(42, 'Super User', 'admin', 'zieger@runze-casper.de', '6e192a3595e68d446fe886afd5769210:3PDJCorT77NyRc2lLedzdJuJ3X1lOzmj', 0, 1, '2012-01-16 11:12:20', '2013-11-01 15:48:28', '', '', '0000-00-00 00:00:00', 0),
(43, 'Lazier', 'lazier', 'daten@runze-casper.de', '32af6094dc1b79db0048d2093eb9e1ed:Vmfu9eMtYNQlSKMwYtrwMsbNL82P0Tc0', 0, 0, '2012-01-16 13:50:30', '2013-02-18 19:50:30', '', '{"admin_style":"","admin_language":"","language":"","editor":"","helpsite":"","timezone":""}', '0000-00-00 00:00:00', 0);

-- --------------------------------------------------------

--
-- Tabellenstruktur für Tabelle `lehr_user_notes`
--

CREATE TABLE IF NOT EXISTS `lehr_user_notes` (
  `id` int(10) unsigned NOT NULL AUTO_INCREMENT,
  `user_id` int(10) unsigned NOT NULL DEFAULT '0',
  `catid` int(10) unsigned NOT NULL DEFAULT '0',
  `subject` varchar(100) NOT NULL DEFAULT '',
  `body` text NOT NULL,
  `state` tinyint(3) NOT NULL DEFAULT '0',
  `checked_out` int(10) unsigned NOT NULL DEFAULT '0',
  `checked_out_time` datetime NOT NULL DEFAULT '0000-00-00 00:00:00',
  `created_user_id` int(10) unsigned NOT NULL DEFAULT '0',
  `created_time` datetime NOT NULL DEFAULT '0000-00-00 00:00:00',
  `modified_user_id` int(10) unsigned NOT NULL,
  `modified_time` datetime NOT NULL DEFAULT '0000-00-00 00:00:00',
  `review_time` datetime NOT NULL DEFAULT '0000-00-00 00:00:00',
  `publish_up` datetime NOT NULL DEFAULT '0000-00-00 00:00:00',
  `publish_down` datetime NOT NULL DEFAULT '0000-00-00 00:00:00',
  PRIMARY KEY (`id`),
  KEY `idx_user_id` (`user_id`),
  KEY `idx_category_id` (`catid`)
) ENGINE=InnoDB DEFAULT CHARSET=utf8 AUTO_INCREMENT=1 ;

-- --------------------------------------------------------

--
-- Tabellenstruktur für Tabelle `lehr_user_profiles`
--

CREATE TABLE IF NOT EXISTS `lehr_user_profiles` (
  `user_id` int(11) NOT NULL,
  `profile_key` varchar(100) NOT NULL,
  `profile_value` varchar(255) NOT NULL,
  `ordering` int(11) NOT NULL DEFAULT '0',
  UNIQUE KEY `idx_user_id_profile_key` (`user_id`,`profile_key`)
) ENGINE=InnoDB DEFAULT CHARSET=utf8 COMMENT='Simple user profile storage table';

-- --------------------------------------------------------

--
-- Tabellenstruktur für Tabelle `lehr_user_usergroup_map`
--

CREATE TABLE IF NOT EXISTS `lehr_user_usergroup_map` (
  `user_id` int(10) unsigned NOT NULL DEFAULT '0' COMMENT 'Foreign Key to #__users.id',
  `group_id` int(10) unsigned NOT NULL DEFAULT '0' COMMENT 'Foreign Key to #__usergroups.id',
  PRIMARY KEY (`user_id`,`group_id`)
) ENGINE=InnoDB DEFAULT CHARSET=utf8;

--
-- Daten für Tabelle `lehr_user_usergroup_map`
--

INSERT INTO `lehr_user_usergroup_map` (`user_id`, `group_id`) VALUES
(42, 8),
(43, 2),
(43, 3),
(43, 4);

-- --------------------------------------------------------

--
-- Tabellenstruktur für Tabelle `lehr_viewlevels`
--

CREATE TABLE IF NOT EXISTS `lehr_viewlevels` (
  `id` int(10) unsigned NOT NULL AUTO_INCREMENT COMMENT 'Primary Key',
  `title` varchar(100) NOT NULL DEFAULT '',
  `ordering` int(11) NOT NULL DEFAULT '0',
  `rules` varchar(5120) NOT NULL COMMENT 'JSON encoded access control.',
  PRIMARY KEY (`id`),
  UNIQUE KEY `idx_assetgroup_title_lookup` (`title`)
) ENGINE=InnoDB  DEFAULT CHARSET=utf8 AUTO_INCREMENT=4 ;

--
-- Daten für Tabelle `lehr_viewlevels`
--

INSERT INTO `lehr_viewlevels` (`id`, `title`, `ordering`, `rules`) VALUES
(1, 'Öffentlich', 0, '[1]'),
(2, 'Registriert', 1, '[6,2,8]'),
(3, 'Spezial', 2, '[6,3,8]');

-- --------------------------------------------------------

--
-- Tabellenstruktur für Tabelle `lehr_weblinks`
--

CREATE TABLE IF NOT EXISTS `lehr_weblinks` (
  `id` int(10) unsigned NOT NULL AUTO_INCREMENT,
  `catid` int(11) NOT NULL DEFAULT '0',
  `title` varchar(250) NOT NULL DEFAULT '',
  `alias` varchar(255) CHARACTER SET utf8 COLLATE utf8_bin NOT NULL DEFAULT '',
  `url` varchar(250) NOT NULL DEFAULT '',
  `description` text NOT NULL,
  `hits` int(11) NOT NULL DEFAULT '0',
  `state` tinyint(1) NOT NULL DEFAULT '0',
  `checked_out` int(11) NOT NULL DEFAULT '0',
  `checked_out_time` datetime NOT NULL DEFAULT '0000-00-00 00:00:00',
  `ordering` int(11) NOT NULL DEFAULT '0',
  `access` int(11) NOT NULL DEFAULT '1',
  `params` text NOT NULL,
  `language` char(7) NOT NULL DEFAULT '',
  `created` datetime NOT NULL DEFAULT '0000-00-00 00:00:00',
  `created_by` int(10) unsigned NOT NULL DEFAULT '0',
  `created_by_alias` varchar(255) NOT NULL DEFAULT '',
  `modified` datetime NOT NULL DEFAULT '0000-00-00 00:00:00',
  `modified_by` int(10) unsigned NOT NULL DEFAULT '0',
  `metakey` text NOT NULL,
  `metadesc` text NOT NULL,
  `metadata` text NOT NULL,
  `featured` tinyint(3) unsigned NOT NULL DEFAULT '0' COMMENT 'Set if link is featured.',
  `xreference` varchar(50) NOT NULL COMMENT 'A reference to enable linkages to external data sets.',
  `publish_up` datetime NOT NULL DEFAULT '0000-00-00 00:00:00',
  `publish_down` datetime NOT NULL DEFAULT '0000-00-00 00:00:00',
  `version` int(10) unsigned NOT NULL DEFAULT '1',
  `images` text NOT NULL,
  PRIMARY KEY (`id`),
  KEY `idx_access` (`access`),
  KEY `idx_checkout` (`checked_out`),
  KEY `idx_state` (`state`),
  KEY `idx_catid` (`catid`),
  KEY `idx_createdby` (`created_by`),
  KEY `idx_featured_catid` (`featured`,`catid`),
  KEY `idx_language` (`language`),
  KEY `idx_xreference` (`xreference`)
) ENGINE=InnoDB DEFAULT CHARSET=utf8 AUTO_INCREMENT=1 ;

-- --------------------------------------------------------

--
-- Tabellenstruktur für Tabelle `sites`
--

CREATE TABLE IF NOT EXISTS `sites` (
  `id` int(11) NOT NULL AUTO_INCREMENT,
  `name` varchar(75) NOT NULL,
  `content` text NOT NULL,
  `img` varchar(75) NOT NULL,
  PRIMARY KEY (`id`)
) ENGINE=MyISAM  DEFAULT CHARSET=utf8 AUTO_INCREMENT=4 ;

--
-- Daten für Tabelle `sites`
--

INSERT INTO `sites` (`id`, `name`, `content`, `img`) VALUES
(1, 'IL CASTAGNETTO', 'Inmitten jahrhundertealter Kastanien, von Wiesen und Gebirgsbächen des "Val Pellice" umgeben, empfängt Sie unser Gästehaus "Il Castagneto" in freundlicher und persönlicher Atmosphäre. \r\n \r\nDer Familienbetrieb besteht seit über 50 Jahren und ist in enger Zusammenarbeit mit der Waldenserkirche entstanden. Die Idee war, ein internationales ökumenisches Begegnungszentrum einzurichten. So wurde "Il Castagneto" kein anonymer Hotelbetrieb, sondern ein Ort für gemeinschaftliches Leben, der allen Generationen offensteht und besonders kinderfreundlich ausgestattet ist. \r\n \r\n"Il Castagneto" bietet Ihnen ideale Bedingungen für Gemeinschaftsferien – von der Jugend-, Familien oder Chorfreizeit bis zur Tagung. In unterschiedlichen Zimmergrößen stehen bis zu 80 Betten zur Verfügung. Unser Zentrum beherbergt einen geräumigen Speisesaal, ein Kaminzimmer und eine Kapelle sowie Liegewiesen\r\nund einen Bouleplatz. \r\n \r\nAuch Familien und Individualreisenden bietet der Standort in den Cottischen Alpen eine günstig gelegene Basis für Wanderungen und sportliche Aktivitäten. Bis zu 4.000 Meter hohe Berge umgeben "Il Castagneto".', ''),
(2, 'VAL PELLICE', 'Das Tal "Val Pellice" hat eine alte und bedeutende Kulturgeschichte, die maßgeblich von den Waldensern geprägt wurde. So finden sich in fast allen Orten des Tales historische Bauten, die zu einer Erkundung der Waldenser Geschichte einladen. \r\n \r\nTorre Pellice, der Hauptort der Waldenser, liegt in sieben Kilometer Entfernung von unserer Begegnungs stätte. Hier finden Sie das Waldenser Museum, das einen umfassenden Überblick über die Geschichte der Waldenser bietet - einer christlichen Glaubensgemeinschaft aus vor-reformatorischen Zeit, die sich vor mehr als 700 Jahren von der katholischen Amtskirche löste und in den Tälern der Region Zuflucht fand. \r\n \r\n"Heute sind die Waldensertäler ein Reiseziel für alle, die mehr über den Glauben der Waldenser wissen wollen, aber auch vom Trubel des Alltags abschalten und neue Energien schöpfen möchten. Wandern und Bergsteigen bieten den Besuchern der Waldensertälern unvergessliche Erlebnisse.', ''),
(3, 'DIE WALDENSER TÄLER', 'Die Waldensertäler liegen in den Kottischen Alpen im italienischen Piemont. Abseits der Touristenströme Norditaliens gelegen, bieten die Täler ein imponierendes Landschaftserlebnis vor der schneebedeckten Kulisse der westlichen Alpen. Sie finden hier mittelalterliche Dörfer, Klöster und Kastelle. \r\n \r\nEin Ferienziel, das Erholung und Kontemplation verspricht, aber auch Sport- und Kulturinteressierte begeistern wird. Sie können Bergwanderungen, Reit-und Fahrradtouren unternehmen, klettern oder Kanu fahren. Das südliche Klima Italiens sorgt für viel Sonne, die Berge für angenehme Temperaturen. \r\n \r\nVom "Pellice" bieten sich Ausflüge nach Torino oder in die südöstlich gelegenen Weinbaugebiete um die Städte Alba und Asti an. Besuchen Sie die Märkte der dörflichen Umgebung, streifen Sie durch die Wiesen der Po-Ebene oder besichtigen Sie die mittelalterliche Stadt Saluzzo vor dem grandiosen Panorama des „Monviso“. \r\n \r\nAusflugsziele eröffnen sich in alle Himmelsrichtungen. Sogar das Mittelmeer ist in zwei Stunden leicht zu erreichen.', '');

/*!40101 SET CHARACTER_SET_CLIENT=@OLD_CHARACTER_SET_CLIENT */;
/*!40101 SET CHARACTER_SET_RESULTS=@OLD_CHARACTER_SET_RESULTS */;
/*!40101 SET COLLATION_CONNECTION=@OLD_COLLATION_CONNECTION */;
